{"type": "FeatureCollection", "features": [{"type": "Feature", "geometry": {"type": "Polygon", "coordinates": [[[76.04975363992139, 11.621165795824355], [76.04972732473344, 11.621275434034708], [76.04961768652309, 11.62129234853992], [76.04953186443774, 11.621251617909708], [76.04947992138509, 11.621165795824355], [76.04951272036375, 11.62106082966502], [76.04961768652309, 11.621047325234684], [76.04972016092044, 11.621063321427005], [76.04975363992139, 11.621165795824355]]]}, "properties": {"id": "T-0001", "area_m2": 650.4, "height_m": 11.4, "density_pct": 61, "confidence_pct": 92, "agb_mg": 370.22, "carbon_mg": 174.0}}, {"type": "Feature", "geometry": {"type": "Polygon", "coordinates": [[[76.13281881149959, 11.597438745091658], [76.1328123997872, 11.597485269762906], [76.13276587511595, 11.597497952454175], [76.13272254236287, 11.59748207784474], [76.13271767062415, 11.597438745091658], [76.13272996977918, 11.597402839754892], [76.13276587511595, 11.59737791388546], [76.13280708164558, 11.597397538562028], [76.13281881149959, 11.597438745091658]]]}, "properties": {"id": "T-0002", "area_m2": 112.4, "height_m": 15.7, "density_pct": 67, "confidence_pct": 87, "agb_mg": 88.2, "carbon_mg": 41.46}}, {"type": "Feature", "geometry": {"type": "Polygon", "coordinates": [[[76.11258747396454, 11.609772134518765], [76.11254466589446, 11.60989212012249], [76.11242468029073, 11.609945371513577], [76.11233124853746, 11.609865566272042], [76.11228792764297, 11.609772134518765], [76.11234978408507, 11.609697238313101], [76.11242468029073, 11.609649079448703], [76.11255373642818, 11.609643078381312], [76.11258747396454, 11.609772134518765]]]}, "properties": {"id": "T-0003", "area_m2": 863.6, "height_m": 12.8, "density_pct": 60, "confidence_pct": 90, "agb_mg": 552.6, "carbon_mg": 259.72}}, {"type": "Feature", "geometry": {"type": "Polygon", "coordinates": [[[76.1944838962828, 11.656249362105974], [76.19448895973909, 11.656302825103412], [76.19443549674165, 11.65633309987813], [76.19440134722447, 11.656283511623151], [76.19438159836042, 11.656249362105974], [76.19438753634041, 11.656201401704744], [76.19443549674165, 11.656185164225226], [76.19448887829283, 11.656195980554797], [76.1944838962828, 11.656249362105974]]]}, "properties": {"id": "T-0004", "area_m2": 174.5, "height_m": 18.7, "density_pct": 78, "confidence_pct": 96, "agb_mg": 163.03, "carbon_mg": 76.63}}, {"type": "Feature", "geometry": {"type": "Polygon", "coordinates": [[[76.19532394562744, 11.655314895618336], [76.19530822081133, 11.655423622198871], [76.19519949423079, 11.655468906249245], [76.19507326232169, 11.655441127527444], [76.19505328767035, 11.655314895618336], [76.19508060188501, 11.655196003272549], [76.19519949423079, 11.655212070723804], [76.19531918681918, 11.655195203029958], [76.19532394562744, 11.655314895618336]]]}, "properties": {"id": "T-0005", "area_m2": 823.4, "height_m": 24.3, "density_pct": 66, "confidence_pct": 97, "agb_mg": 998.79, "carbon_mg": 469.43}}, {"type": "Feature", "geometry": {"type": "Polygon", "coordinates": [[[76.19961250833555, 11.676402146743513], [76.19958438038536, 11.676455507476662], [76.19953101965221, 11.676490456610336], [76.19946802396657, 11.676465142429159], [76.19943203218688, 11.676402146743513], [76.19948283005452, 11.676353957145816], [76.19953101965221, 11.676319181088283], [76.19957638939337, 11.676356777002354], [76.19961250833555, 11.676402146743513]]]}, "properties": {"id": "T-0006", "area_m2": 295.7, "height_m": 12.4, "density_pct": 71, "confidence_pct": 82, "agb_mg": 183.78, "carbon_mg": 86.38}}, {"type": "Feature", "geometry": {"type": "Polygon", "coordinates": [[[76.05244917815243, 11.693601026403961], [76.05242036789029, 11.69365582660034], [76.05236556769391, 11.693696798202362], [76.05231003541782, 11.693656558680049], [76.05227892694579, 11.693601026403961], [76.05230288244378, 11.693538341153836], [76.05236556769391, 11.693520103025165], [76.05241844347185, 11.69354815062602], [76.05244917815243, 11.693601026403961]]]}, "properties": {"id": "T-0007", "area_m2": 231.5, "height_m": 10.2, "density_pct": 92, "confidence_pct": 88, "agb_mg": 117.77, "carbon_mg": 55.35}}, {"type": "Feature", "geometry": {"type": "Polygon", "coordinates": [[[76.12740805130807, 11.715481492542054], [76.12736074284183, 11.715528612078387], [76.1273136233055, 11.715557478129432], [76.1272673623336, 11.715527753513953], [76.12722260705654, 11.715481492542054], [76.12726904621752, 11.715436915454076], [76.1273136233055, 11.71541802125237], [76.12738044140782, 11.715414674439723], [76.12740805130807, 11.715481492542054]]]}, "properties": {"id": "T-0008", "area_m2": 209.8, "height_m": 14.7, "density_pct": 88, "confidence_pct": 98, "agb_mg": 154.15, "carbon_mg": 72.45}}, {"type": "Feature", "geometry": {"type": "Polygon", "coordinates": [[[76.05745166905758, 11.686931044286835], [76.05743939238178, 11.68703338884748], [76.05733704782114, 11.687015206732877], [76.05723767540124, 11.687030416706733], [76.05720315097699, 11.686931044286835], [76.05723679877256, 11.686830795238258], [76.05733704782114, 11.686783777575132], [76.05742869792677, 11.686839394181206], [76.05745166905758, 11.686931044286835]]]}, "properties": {"id": "T-0009", "area_m2": 507.9, "height_m": 28.7, "density_pct": 98, "confidence_pct": 79, "agb_mg": 727.78, "carbon_mg": 342.06}}, {"type": "Feature", "geometry": {"type": "Polygon", "coordinates": [[[76.1557573596041, 11.666402859757897], [76.15572459016249, 11.66645868795869], [76.15566876196169, 11.666498312405226], [76.1556072109331, 11.666464410786496], [76.15554855294965, 11.666402859757897], [76.15558981162359, 11.666323909419795], [76.15566876196169, 11.666277773101992], [76.15573514938932, 11.666336472330276], [76.1557573596041, 11.666402859757897]]]}, "properties": {"id": "T-0010", "area_m2": 455.0, "height_m": 28.5, "density_pct": 71, "confidence_pct": 77, "agb_mg": 649.32, "carbon_mg": 305.18}}, {"type": "Feature", "geometry": {"type": "Polygon", "coordinates": [[[76.15221408128266, 11.681144763175464], [76.15217070510377, 11.681174994460294], [76.15214047381895, 11.68121006333564], [76.15210571062417, 11.681179526370233], [76.15207489427736, 11.681144763175464], [76.15210304661642, 11.68110733597293], [76.15214047381895, 11.681078051399032], [76.15218141016345, 11.681103826830958], [76.15221408128266, 11.681144763175464]]]}, "properties": {"id": "T-0011", "area_m2": 139.4, "height_m": 32.4, "density_pct": 90, "confidence_pct": 82, "agb_mg": 225.79, "carbon_mg": 106.12}}, {"type": "Feature", "geometry": {"type": "Polygon", "coordinates": [[[76.09480385397647, 11.748901869774906], [76.09480421776225, 11.748973870287873], [76.09473221724927, 11.748996888930897], [76.09467593339203, 11.748958153632154], [76.09462846158837, 11.748901869774906], [76.09466246015997, 11.748832112685596], [76.09473221724927, 11.748822730472712], [76.09478982565629, 11.748844261367893], [76.09480385397647, 11.748901869774906]]]}, "properties": {"id": "T-0012", "area_m2": 311.3, "height_m": 31.5, "density_pct": 77, "confidence_pct": 89, "agb_mg": 489.79, "carbon_mg": 230.2}}, {"type": "Feature", "geometry": {"type": "Polygon", "coordinates": [[[76.05882131283593, 11.774092395459085], [76.05882340852715, 11.77420626189205], [76.05870954209418, 11.774260518531486], [76.05863481317866, 11.77416712437461], [76.05860804524835, 11.774092395459085], [76.05863011058769, 11.774012963952593], [76.05870954209418, 11.773932957710665], [76.05879422739783, 11.77400771015544], [76.05882131283593, 11.774092395459085]]]}, "properties": {"id": "T-0013", "area_m2": 666.5, "height_m": 24.7, "density_pct": 89, "confidence_pct": 80, "agb_mg": 823.46, "carbon_mg": 387.03}}, {"type": "Feature", "geometry": {"type": "Polygon", "coordinates": [[[76.04588447327777, 11.748044185792082], [76.04587057278236, 11.748083904861286], [76.04583085371316, 11.748118136728754], [76.04577908068111, 11.74809595882412], [76.04578335873795, 11.748044185792082], [76.04579861090748, 11.748011942986409], [76.04583085371316, 11.747992657515182], [76.045867658792, 11.74800738071323], [76.04588447327777, 11.748044185792082]]]}, "properties": {"id": "T-0014", "area_m2": 141.7, "height_m": 24.1, "density_pct": 73, "confidence_pct": 97, "agb_mg": 170.53, "carbon_mg": 80.15}}, {"type": "Feature", "geometry": {"type": "Polygon", "coordinates": [[[76.1411063346206, 11.634504533644089], [76.1410968375425, 11.634556871519777], [76.14104449966682, 11.634560429135414], [76.14100630024448, 11.634542733066425], [76.14099110083349, 11.634504533644089], [76.1409872226254, 11.634447256602671], [76.14104449966682, 11.63444150440635], [76.14109493857403, 11.634454094736883], [76.1411063346206, 11.634504533644089]]]}, "properties": {"id": "T-0015", "area_m2": 176.4, "height_m": 14.5, "density_pct": 77, "confidence_pct": 86, "agb_mg": 127.69, "carbon_mg": 60.01}}, {"type": "Feature", "geometry": {"type": "Polygon", "coordinates": [[[76.21412797836096, 11.666665584517073], [76.21408214566279, 11.666717874999026], [76.21402985518083, 11.66675159942009], [76.21395932240866, 11.666736117289243], [76.21393494488045, 11.666665584517073], [76.21397244741564, 11.666608176751888], [76.21402985518083, 11.666571484993405], [76.21411776426835, 11.66657767542954], [76.21412797836096, 11.666665584517073]]]}, "properties": {"id": "T-0016", "area_m2": 412.0, "height_m": 13.6, "density_pct": 70, "confidence_pct": 86, "agb_mg": 280.18, "carbon_mg": 131.69}}, {"type": "Feature", "geometry": {"type": "Polygon", "coordinates": [[[76.19370695404785, 11.61645098987993], [76.19367717906057, 11.616521696418838], [76.19360647252167, 11.616545434203246], [76.19353995076987, 11.61651751163172], [76.19349684168661, 11.61645098987993], [76.19353673999032, 11.616381257348584], [76.19360647252167, 11.616326243677104], [76.19369872747778, 11.61635873492382], [76.19370695404785, 11.61645098987993]]]}, "properties": {"id": "T-0017", "area_m2": 452.6, "height_m": 27.5, "density_pct": 82, "confidence_pct": 96, "agb_mg": 621.73, "carbon_mg": 292.21}}, {"type": "Feature", "geometry": {"type": "Polygon", "coordinates": [[[76.13573672235412, 11.66318647518992], [76.13571908494129, 11.663229975021633], [76.13567558510958, 11.663235988440217], [76.13565024164669, 11.66321181865281], [76.13562675762357, 11.66318647518992], [76.13563707129951, 11.663147961379854], [76.13567558510958, 11.66313648938752], [76.13570357890427, 11.66315848139523], [76.13573672235412, 11.66318647518992]]]}, "properties": {"id": "T-0018", "area_m2": 99.9, "height_m": 13.1, "density_pct": 60, "confidence_pct": 81, "agb_mg": 65.65, "carbon_mg": 30.85}}, {"type": "Feature", "geometry": {"type": "Polygon", "coordinates": [[[76.13659459411032, 11.76769140173539], [76.13658553608417, 11.76778146934539], [76.13649546847417, 11.767830447785023], [76.1364142228832, 11.767772647326353], [76.13638828675668, 11.76769140173539], [76.1364160884342, 11.76761202169543], [76.13649546847417, 11.767555358875622], [76.1365916745376, 11.767595195671959], [76.13659459411032, 11.76769140173539]]]}, "properties": {"id": "T-0019", "area_m2": 488.8, "height_m": 13.5, "density_pct": 79, "confidence_pct": 78, "agb_mg": 329.21, "carbon_mg": 154.73}}, {"type": "Feature", "geometry": {"type": "Polygon", "coordinates": [[[76.14940392955555, 11.640943976460575], [76.1493921254407, 11.640979817991907], [76.14935628390937, 11.640994372748553], [76.1493168494593, 11.640983410910644], [76.14929230992577, 11.640943976460575], [76.14931965807723, 11.64090735062843], [76.14935628390937, 11.64088111641057], [76.14940384026862, 11.64089642010132], [76.14940392955555, 11.640943976460575]]]}, "properties": {"id": "T-0020", "area_m2": 135.6, "height_m": 31.6, "density_pct": 92, "confidence_pct": 83, "agb_mg": 214.57, "carbon_mg": 100.85}}, {"type": "Feature", "geometry": {"type": "Polygon", "coordinates": [[[76.07481962239741, 11.702691154717268], [76.07482391579472, 11.702747532674179], [76.07476753783781, 11.702745358762042], [76.07471666475357, 11.702742027801516], [76.07468884878033, 11.702691154717268], [76.07470202120561, 11.702625638085067], [76.07476753783781, 11.702628725141315], [76.07481569273887, 11.702642999816222], [76.07481962239741, 11.702691154717268]]]}, "properties": {"id": "T-0021", "area_m2": 198.7, "height_m": 31.4, "density_pct": 60, "confidence_pct": 78, "agb_mg": 311.9, "carbon_mg": 146.59}}, {"type": "Feature", "geometry": {"type": "Polygon", "coordinates": [[[76.13552451522933, 11.648444826451792], [76.13550120095344, 11.64853763400167], [76.13540839340357, 11.648568593013978], [76.13530386836881, 11.648549351486546], [76.13524358950525, 11.648444826451792], [76.13531666338972, 11.648353096437937], [76.13540839340357, 11.648339212014866], [76.1354826357023, 11.648370584153053], [76.13552451522933, 11.648444826451792]]]}, "properties": {"id": "T-0022", "area_m2": 743.6, "height_m": 18.4, "density_pct": 88, "confidence_pct": 77, "agb_mg": 683.22, "carbon_mg": 321.11}}, {"type": "Feature", "geometry": {"type": "Polygon", "coordinates": [[[76.14801484131398, 11.757350516741452], [76.14798311278145, 11.757463171993795], [76.14787045752911, 11.757525323341376], [76.1477730996803, 11.757447874590264], [76.1477597617447, 11.757350516741452], [76.14777577550079, 11.757255834713131], [76.14787045752911, 11.757251791447418], [76.14797059073902, 11.757250383531533], [76.14801484131398, 11.757350516741452]]]}, "properties": {"id": "T-0023", "area_m2": 759.1, "height_m": 25.5, "density_pct": 71, "confidence_pct": 77, "agb_mg": 968.01, "carbon_mg": 454.97}}, {"type": "Feature", "geometry": {"type": "Polygon", "coordinates": [[[76.22092557847296, 11.630314306384532], [76.2209237552448, 11.630356023286211], [76.22088203834312, 11.630351901177827], [76.22084236857353, 11.630353976154122], [76.22081944049054, 11.630314306384532], [76.22084647937581, 11.630278747417218], [76.22088203834312, 11.630264928833645], [76.22092849953455, 11.6302678451931], [76.22092557847296, 11.630314306384532]]]}, "properties": {"id": "T-0024", "area_m2": 111.9, "height_m": 18.6, "density_pct": 96, "confidence_pct": 92, "agb_mg": 104.29, "carbon_mg": 49.02}}, {"type": "Feature", "geometry": {"type": "Polygon", "coordinates": [[[76.09073069015494, 11.696143594957366], [76.09072526991372, 11.696187483379152], [76.09068138149193, 11.696198387799154], [76.09063724380337, 11.69618773264593], [76.0906326189259, 11.696143594957366], [76.09064880579419, 11.696111019259622], [76.09068138149193, 11.696079048851177], [76.09072471620792, 11.696100260241378], [76.09073069015494, 11.696143594957366]]]}, "properties": {"id": "T-0025", "area_m2": 115.9, "height_m": 32.2, "density_pct": 87, "confidence_pct": 88, "agb_mg": 186.45, "carbon_mg": 87.63}}, {"type": "Feature", "geometry": {"type": "Polygon", "coordinates": [[[76.16443016284076, 11.740956689002935], [76.16441040434147, 11.741018913130347], [76.16434818021406, 11.741038168177464], [76.16428490096342, 11.741019968253571], [76.16425220478462, 11.740956689002935], [76.16429048392517, 11.74089899271405], [76.16434818021406, 11.740887818254908], [76.16439472311555, 11.740910146101452], [76.16443016284076, 11.740956689002935]]]}, "properties": {"id": "T-0026", "area_m2": 231.6, "height_m": 18.7, "density_pct": 80, "confidence_pct": 94, "agb_mg": 216.31, "carbon_mg": 101.66}}, {"type": "Feature", "geometry": {"type": "Polygon", "coordinates": [[[76.08361425895733, 11.732240649706386], [76.08357560412338, 11.73229364878221], [76.08352260504756, 11.732336125173605], [76.08347330732884, 11.732289947425098], [76.08343233899427, 11.732240649706386], [76.08347764799308, 11.732195692651898], [76.08352260504756, 11.732144553477386], [76.08358405693266, 11.732179197821281], [76.08361425895733, 11.732240649706386]]]}, "properties": {"id": "T-0027", "area_m2": 227.7, "height_m": 13.3, "density_pct": 65, "confidence_pct": 98, "agb_mg": 151.52, "carbon_mg": 71.22}}, {"type": "Feature", "geometry": {"type": "Polygon", "coordinates": [[[76.2039634214801, 11.731490998890706], [76.20392845134772, 11.731575645117193], [76.20384380512124, 11.731613781447725], [76.20375771278248, 11.731577091229472], [76.20370714570107, 11.731490998890706], [76.20376262919169, 11.731409822961147], [76.20384380512124, 11.73135580777816], [76.20392029534307, 11.73141450866887], [76.2039634214801, 11.731490998890706]]]}, "properties": {"id": "T-0028", "area_m2": 450.1, "height_m": 17.3, "density_pct": 97, "confidence_pct": 85, "agb_mg": 388.63, "carbon_mg": 182.65}}, {"type": "Feature", "geometry": {"type": "Polygon", "coordinates": [[[76.0695823888553, 11.731194054642732], [76.06952776690511, 11.73127502448448], [76.06944679706336, 11.731303710240672], [76.0693599064527, 11.731280945253394], [76.0693523876666, 11.731194054642732], [76.06936932922537, 11.731116586804742], [76.06944679706336, 11.731084818697607], [76.06951849856584, 11.731122353140247], [76.0695823888553, 11.731194054642732]]]}, "properties": {"id": "T-0029", "area_m2": 446.8, "height_m": 24.6, "density_pct": 96, "confidence_pct": 87, "agb_mg": 550.08, "carbon_mg": 258.54}}, {"type": "Feature", "geometry": {"type": "Polygon", "coordinates": [[[76.21150306825353, 11.769537381156248], [76.21143872872968, 11.769637276250009], [76.2113388336359, 11.769709610584986], [76.2112282179751, 11.769647996817053], [76.21121353670661, 11.769537381156248], [76.21122609615512, 11.769424643675451], [76.2113388336359, 11.769357203803278], [76.21144101098811, 11.769435203804042], [76.21150306825353, 11.769537381156248]]]}, "properties": {"id": "T-0030", "area_m2": 805.4, "height_m": 22.9, "density_pct": 88, "confidence_pct": 84, "agb_mg": 920.34, "carbon_mg": 432.56}}, {"type": "Feature", "geometry": {"type": "Polygon", "coordinates": [[[76.15162973004884, 11.697693981579663], [76.15159338121398, 11.697777596676595], [76.15150976611706, 11.69779187857214], [76.15142440797577, 11.697779339720952], [76.15143099023871, 11.697693981579663], [76.15141404858463, 11.697598264047237], [76.15150976611706, 11.697557509211675], [76.15159015748488, 11.697613590211843], [76.15162973004884, 11.697693981579663]]]}, "properties": {"id": "T-0031", "area_m2": 451.6, "height_m": 30.9, "density_pct": 75, "confidence_pct": 96, "agb_mg": 697.44, "carbon_mg": 327.8}}, {"type": "Feature", "geometry": {"type": "Polygon", "coordinates": [[[76.20957832904915, 11.61046606859242], [76.2095547406331, 11.610518320435128], [76.20950248879039, 11.610584600781552], [76.20944561706158, 11.61052294032124], [76.20938066946049, 11.61046606859242], [76.20942585410391, 11.610389433905937], [76.20950248879039, 11.610356800613724], [76.20955349337547, 11.61041506400734], [76.20957832904915, 11.61046606859242]]]}, "properties": {"id": "T-0032", "area_m2": 382.2, "height_m": 25.2, "density_pct": 97, "confidence_pct": 89, "agb_mg": 481.99, "carbon_mg": 226.54}}, {"type": "Feature", "geometry": {"type": "Polygon", "coordinates": [[[76.20721634946649, 11.648458559422787], [76.20721300975879, 11.64850839942847], [76.2071631697531, 11.648530807398739], [76.20712268071748, 11.648499048458413], [76.20709045250547, 11.648458559422787], [76.2071195884778, 11.648414978147473], [76.2071631697531, 11.648390133953255], [76.20720759229481, 11.648414136881078], [76.20721634946649, 11.648458559422787]]]}, "properties": {"id": "T-0033", "area_m2": 162.9, "height_m": 14.2, "density_pct": 95, "confidence_pct": 81, "agb_mg": 116.02, "carbon_mg": 54.53}}, {"type": "Feature", "geometry": {"type": "Polygon", "coordinates": [[[76.17430818363913, 11.69854955985966], [76.17426472438153, 11.698599297030361], [76.17421498721083, 11.698667627654507], [76.1741279422935, 11.698636604776993], [76.17412316993178, 11.69854955985966], [76.17416110897717, 11.698495681626008], [76.17421498721083, 11.698472272869918], [76.17428606348884, 11.69847848358165], [76.17430818363913, 11.69854955985966]]]}, "properties": {"id": "T-0034", "area_m2": 378.4, "height_m": 22.8, "density_pct": 77, "confidence_pct": 98, "agb_mg": 431.03, "carbon_mg": 202.59}}, {"type": "Feature", "geometry": {"type": "Polygon", "coordinates": [[[76.11817856801385, 11.629722896802424], [76.11811735988876, 11.629809093850888], [76.1180311628403, 11.629816951169596], [76.11791117169858, 11.629842887944141], [76.11790133292824, 11.629722896802424], [76.11791462188302, 11.62960635584514], [76.1180311628403, 11.629559556159142], [76.11813975612944, 11.629614303513279], [76.11817856801385, 11.629722896802424]]]}, "properties": {"id": "T-0035", "area_m2": 679.4, "height_m": 12.5, "density_pct": 87, "confidence_pct": 87, "agb_mg": 423.99, "carbon_mg": 199.27}}, {"type": "Feature", "geometry": {"type": "Polygon", "coordinates": [[[76.0594643783592, 11.61154281653831], [76.05944572917566, 11.611590578693148], [76.05939796702083, 11.611624456869132], [76.05934501770204, 11.611595765857095], [76.05932523198649, 11.61154281653831], [76.0593550041772, 11.611499853694694], [76.05939796702083, 11.611462196712608], [76.0594514612729, 11.611489322286237], [76.0594643783592, 11.61154281653831]]]}, "properties": {"id": "T-0036", "area_m2": 159.3, "height_m": 34.3, "density_pct": 71, "confidence_pct": 80, "agb_mg": 273.13, "carbon_mg": 128.37}}, {"type": "Feature", "geometry": {"type": "Polygon", "coordinates": [[[76.11625071759795, 11.672770694411465], [76.11625024622273, 11.672831949896956], [76.11618899073724, 11.672843170272087], [76.11612480237837, 11.672834882770346], [76.116119464776, 11.672770694411465], [76.11613321768097, 11.672714921355196], [76.11618899073724, 11.672688735574404], [76.11624386187921, 11.6727158232695], [76.11625071759795, 11.672770694411465]]]}, "properties": {"id": "T-0037", "area_m2": 228.7, "height_m": 10.1, "density_pct": 71, "confidence_pct": 82, "agb_mg": 115.62, "carbon_mg": 54.34}}, {"type": "Feature", "geometry": {"type": "Polygon", "coordinates": [[[76.16962566508988, 11.629582325527316], [76.16961457334773, 11.629614245741056], [76.16958265313399, 11.629624971148765], [76.1695515612286, 11.629613417432699], [76.16953055248551, 11.629582325527316], [76.16953911698492, 11.629538789378254], [76.16958265313399, 11.629542249982617], [76.16962227709408, 11.629542701567232], [76.16962566508988, 11.629582325527316]]]}, "properties": {"id": "T-0038", "area_m2": 97.8, "height_m": 20.0, "density_pct": 60, "confidence_pct": 85, "agb_mg": 97.68, "carbon_mg": 45.91}}, {"type": "Feature", "geometry": {"type": "Polygon", "coordinates": [[[76.1554038108251, 11.706481465640172], [76.15538634035748, 11.706573905835166], [76.15529390016249, 11.706583894674116], [76.15520474692939, 11.706570618873275], [76.15515915457843, 11.706481465640172], [76.15523171752699, 11.70641928300467], [76.15529390016249, 11.706406386158461], [76.15536363713777, 11.7064117286649], [76.1554038108251, 11.706481465640172]]]}, "properties": {"id": "T-0039", "area_m2": 440.1, "height_m": 28.2, "density_pct": 98, "confidence_pct": 84, "agb_mg": 620.26, "carbon_mg": 291.52}}, {"type": "Feature", "geometry": {"type": "Polygon", "coordinates": [[[76.1519899749428, 11.715168809809617], [76.15195172340066, 11.715227719809224], [76.15189281340105, 11.715262248271339], [76.15181322655738, 11.715248396653287], [76.15182983005343, 11.715168809809617], [76.15181879232411, 11.715094788732673], [76.15189281340105, 11.715063392144414], [76.15196854900445, 11.715093074206216], [76.1519899749428, 11.715168809809617]]]}, "properties": {"id": "T-0040", "area_m2": 311.2, "height_m": 29.9, "density_pct": 63, "confidence_pct": 96, "agb_mg": 464.85, "carbon_mg": 218.48}}, {"type": "Feature", "geometry": {"type": "Polygon", "coordinates": [[[76.12739949842157, 11.596914587422704], [76.12737679818005, 11.596943671395925], [76.12734771420683, 11.596969071676362], [76.12729924964825, 11.596963051981295], [76.12730625314838, 11.596914587422704], [76.12731017535687, 11.596877048572743], [76.12734771420683, 11.5968723151842], [76.12737512158446, 11.596887180045076], [76.12739949842157, 11.596914587422704]]]}, "properties": {"id": "T-0041", "area_m2": 118.5, "height_m": 27.9, "density_pct": 98, "confidence_pct": 90, "agb_mg": 165.58, "carbon_mg": 77.82}}, {"type": "Feature", "geometry": {"type": "Polygon", "coordinates": [[[76.14169363715888, 11.680057968679042], [76.14166259808282, 11.680159255740271], [76.14156131102159, 11.680156946981372], [76.1414982891224, 11.680120990578239], [76.14146080423383, 11.680057968679042], [76.14144776950214, 11.679944427159596], [76.14156131102159, 11.679942835609296], [76.14164541984155, 11.679973859859077], [76.14169363715888, 11.680057968679042]]]}, "properties": {"id": "T-0042", "area_m2": 613.7, "height_m": 34.9, "density_pct": 92, "confidence_pct": 87, "agb_mg": 1070.18, "carbon_mg": 502.99}}, {"type": "Feature", "geometry": {"type": "Polygon", "coordinates": [[[76.05588765997447, 11.716044398893617], [76.05587628698352, 11.716086906524115], [76.05583377935302, 11.71608843779226], [76.055795261384, 11.71608291686263], [76.05578824009802, 11.716044398893617], [76.05578916727421, 11.715999786814804], [76.05583377935302, 11.715993513359962], [76.05586948130691, 11.716008696939731], [76.05588765997447, 11.716044398893617]]]}, "properties": {"id": "T-0043", "area_m2": 116.5, "height_m": 27.9, "density_pct": 98, "confidence_pct": 78, "agb_mg": 162.49, "carbon_mg": 76.37}}, {"type": "Feature", "geometry": {"type": "Polygon", "coordinates": [[[76.10513058796772, 11.774345089188502], [76.10507311094725, 11.77447821515162], [76.10493998498413, 11.774469878192892], [76.10481101507493, 11.774474059097706], [76.10482899456663, 11.774345089188502], [76.10480474168726, 11.774209845891637], [76.10493998498413, 11.774189400116722], [76.1050161041346, 11.774268970038028], [76.10513058796772, 11.774345089188502]]]}, "properties": {"id": "T-0044", "area_m2": 863.2, "height_m": 21.0, "density_pct": 81, "confidence_pct": 91, "agb_mg": 906.98, "carbon_mg": 426.28}}, {"type": "Feature", "geometry": {"type": "Polygon", "coordinates": [[[76.06324960757709, 11.741170938913658], [76.06318957528042, 11.74127763177973], [76.06308288241435, 11.741320540085246], [76.06300742938907, 11.741246391938938], [76.06295764438241, 11.741170938913658], [76.06295534910241, 11.741043405601724], [76.06308288241435, 11.741070645765367], [76.06318410286733, 11.741069718460686], [76.06324960757709, 11.741170938913658]]]}, "properties": {"id": "T-0045", "area_m2": 751.6, "height_m": 19.1, "density_pct": 96, "confidence_pct": 75, "agb_mg": 718.82, "carbon_mg": 337.85}}, {"type": "Feature", "geometry": {"type": "Polygon", "coordinates": [[[76.21281634240685, 11.757674554905272], [76.21281709102709, 11.757785877073156], [76.21270576885921, 11.757850640171226], [76.21262547855594, 11.757754845208542], [76.21253540075398, 11.757674554905272], [76.21259191282945, 11.757560698875515], [76.21270576885921, 11.757527020154603], [76.21280774519163, 11.757572578572857], [76.21281634240685, 11.757674554905272]]]}, "properties": {"id": "T-0046", "area_m2": 715.2, "height_m": 26.2, "density_pct": 75, "confidence_pct": 95, "agb_mg": 936.07, "carbon_mg": 439.95}}, {"type": "Feature", "geometry": {"type": "Polygon", "coordinates": [[[76.15794497150746, 11.608987448270438], [76.1579481902908, 11.609056956429734], [76.1578786821315, 11.609086666317964], [76.15781472814359, 11.609051402258347], [76.15778646671063, 11.608987448270438], [76.15783484763698, 11.608943613775926], [76.1578786821315, 11.608895427768113], [76.15793248137916, 11.608933649022774], [76.15794497150746, 11.608987448270438]]]}, "properties": {"id": "T-0047", "area_m2": 253.6, "height_m": 18.2, "density_pct": 96, "confidence_pct": 83, "agb_mg": 230.87, "carbon_mg": 108.51}}, {"type": "Feature", "geometry": {"type": "Polygon", "coordinates": [[[76.16111672303163, 11.678932350503372], [76.16108499740415, 11.678978178070336], [76.16103916983718, 11.6789950598044], [76.16097388082123, 11.678997639519318], [76.16094145747596, 11.678932350503372], [76.1609873793433, 11.678880560009484], [76.16103916983718, 11.678856637813187], [76.16109988729697, 11.67887163304358], [76.16111672303163, 11.678932350503372]]]}, "properties": {"id": "T-0048", "area_m2": 265.5, "height_m": 13.6, "density_pct": 99, "confidence_pct": 87, "agb_mg": 181.09, "carbon_mg": 85.11}}, {"type": "Feature", "geometry": {"type": "Polygon", "coordinates": [[[76.08921510503959, 11.642128642563609], [76.08913941304569, 11.642194090365352], [76.08907396524394, 11.642216525721365], [76.08900277187836, 11.642199835929189], [76.08896350991373, 11.642128642563609], [76.08898805503993, 11.642042732359602], [76.08907396524394, 11.642010460320753], [76.08913990156012, 11.642062706247426], [76.08921510503959, 11.642128642563609]]]}, "properties": {"id": "T-0049", "area_m2": 601.4, "height_m": 21.4, "density_pct": 87, "confidence_pct": 92, "agb_mg": 642.45, "carbon_mg": 301.95}}, {"type": "Feature", "geometry": {"type": "Polygon", "coordinates": [[[76.22061498460589, 11.6859436896584], [76.22061564809357, 11.686004228734078], [76.2205551090179, 11.68601953352342], [76.22051552272735, 11.685983275948944], [76.22049188013031, 11.6859436896584], [76.22051671565389, 11.68590529629439], [76.2205551090179, 11.685882506529868], [76.2206062164537, 11.685892582222593], [76.22061498460589, 11.6859436896584]]]}, "properties": {"id": "T-0050", "area_m2": 170.7, "height_m": 14.7, "density_pct": 83, "confidence_pct": 83, "agb_mg": 125.69, "carbon_mg": 59.07}}, {"type": "Feature", "geometry": {"type": "Polygon", "coordinates": [[[76.13829461669042, 11.68585429248608], [76.13825644590055, 11.685941311690186], [76.13816942669645, 11.685960784534181], [76.13806976957606, 11.685953949606462], [76.1380232775337, 11.68585429248608], [76.13807281685129, 11.685757682640919], [76.13816942669645, 11.685715492035309], [76.13826748538078, 11.685756233801754], [76.13829461669042, 11.68585429248608]]]}, "properties": {"id": "T-0051", "area_m2": 682.5, "height_m": 32.4, "density_pct": 89, "confidence_pct": 86, "agb_mg": 1105.21, "carbon_mg": 519.45}}, {"type": "Feature", "geometry": {"type": "Polygon", "coordinates": [[[76.13253508943686, 11.641231151150922], [76.13251266509002, 11.64127258643303], [76.1324712298079, 11.641300985495175], [76.13242515474124, 11.64127722621759], [76.13240691038517, 11.641231151150922], [76.1324353066512, 11.641195227994217], [76.1324712298079, 11.641170160045835], [76.1325100936934, 11.641192287265433], [76.13253508943686, 11.641231151150922]]]}, "properties": {"id": "T-0052", "area_m2": 112.9, "height_m": 21.0, "density_pct": 86, "confidence_pct": 97, "agb_mg": 118.46, "carbon_mg": 55.67}}, {"type": "Feature", "geometry": {"type": "Polygon", "coordinates": [[[76.10109686049199, 11.707911372650734], [76.10105079165808, 11.707950823380651], [76.10101134092817, 11.70798872216106], [76.1009715694111, 11.707951144167795], [76.1009360574003, 11.707911372650734], [76.10097041365407, 11.70787044537663], [76.10101134092817, 11.707821939335423], [76.10107689721217, 11.70784581636673], [76.10109686049199, 11.707911372650734]]]}, "properties": {"id": "T-0053", "area_m2": 238.8, "height_m": 32.6, "density_pct": 65, "confidence_pct": 84, "agb_mg": 389.61, "carbon_mg": 183.11}}, {"type": "Feature", "geometry": {"type": "Polygon", "coordinates": [[[76.05209138993685, 11.600985637421017], [76.05203267859555, 11.60109973656613], [76.05191857945044, 11.601099127551567], [76.05180448200956, 11.601099734861899], [76.05178299232172, 11.600985637421017], [76.05182639594759, 11.600893453918156], [76.05191857945044, 11.600878663915271], [76.05199986941902, 11.600904347452444], [76.05209138993685, 11.600985637421017]]]}, "properties": {"id": "T-0054", "area_m2": 798.6, "height_m": 27.3, "density_pct": 73, "confidence_pct": 95, "agb_mg": 1089.18, "carbon_mg": 511.91}}, {"type": "Feature", "geometry": {"type": "Polygon", "coordinates": [[[76.11137924065895, 11.725960536246717], [76.11128350202534, 11.72604411519415], [76.1111999230779, 11.726063212983092], [76.1111107221581, 11.726049737166523], [76.11103471349139, 11.725960536246717], [76.11108090535552, 11.72584151852433], [76.1111999230779, 11.725813261829856], [76.11128154292298, 11.725878916401633], [76.11137924065895, 11.725960536246717]]]}, "properties": {"id": "T-0055", "area_m2": 782.9, "height_m": 23.2, "density_pct": 72, "confidence_pct": 87, "agb_mg": 906.9, "carbon_mg": 426.24}}, {"type": "Feature", "geometry": {"type": "Polygon", "coordinates": [[[76.17363608540293, 11.701280389518317], [76.17361374536561, 11.701362806405575], [76.17353132847836, 11.701417319519626], [76.17344709988107, 11.701364618115598], [76.17337544230134, 11.701280389518317], [76.17345895750469, 11.701208018544653], [76.17353132847836, 11.701174562864926], [76.17360386420515, 11.701207853791525], [76.17363608540293, 11.701280389518317]]]}, "properties": {"id": "T-0056", "area_m2": 723.8, "height_m": 30.0, "density_pct": 90, "confidence_pct": 75, "agb_mg": 1084.1, "carbon_mg": 509.53}}, {"type": "Feature", "geometry": {"type": "Polygon", "coordinates": [[[76.0716724640295, 11.689172811775084], [76.0715823272106, 11.689251195663932], [76.07150394332176, 11.689279479608228], [76.07138527872405, 11.689291476372794], [76.07136207190075, 11.689172811775084], [76.07141450582378, 11.689083374277102], [76.07150394332176, 11.689047239574963], [76.0715898931929, 11.689086861903952], [76.0716724640295, 11.689172811775084]]]}, "properties": {"id": "T-0057", "area_m2": 724.3, "height_m": 32.3, "density_pct": 65, "confidence_pct": 91, "agb_mg": 1169.27, "carbon_mg": 549.56}}, {"type": "Feature", "geometry": {"type": "Polygon", "coordinates": [[[76.18833613391011, 11.7208249055312], [76.18826627452053, 11.720891051778786], [76.18820012827294, 11.720938452905742], [76.18812934225122, 11.720895691552927], [76.18809511440769, 11.7208249055312], [76.18813441105769, 11.720759188315952], [76.18820012827294, 11.720675873472448], [76.188297992752, 11.720727041052147], [76.18833613391011, 11.7208249055312]]]}, "properties": {"id": "T-0058", "area_m2": 547.5, "height_m": 26.1, "density_pct": 81, "confidence_pct": 98, "agb_mg": 715.67, "carbon_mg": 336.36}}, {"type": "Feature", "geometry": {"type": "Polygon", "coordinates": [[[76.18838958907303, 11.624362693589175], [76.18836284393686, 11.624450698130527], [76.1882748393955, 11.624496594176803], [76.18819705899463, 11.624440473990044], [76.18814250667515, 11.624362693589175], [76.18816382750902, 11.624251681702681], [76.1882748393955, 11.624203683136129], [76.18834807151897, 11.624289461465708], [76.18838958907303, 11.624362693589175]]]}, "properties": {"id": "T-0059", "area_m2": 602.5, "height_m": 14.8, "density_pct": 99, "confidence_pct": 79, "agb_mg": 444.88, "carbon_mg": 209.09}}, {"type": "Feature", "geometry": {"type": "Polygon", "coordinates": [[[76.21428701673052, 11.715773855026832], [76.2142776617516, 11.715839887940291], [76.21421162883813, 11.715871160353867], [76.21416455475219, 11.715820929112768], [76.21411161221849, 11.715773855026832], [76.21415572267489, 11.715717948863588], [76.21421162883813, 11.715707013134876], [76.21425808139267, 11.715727402472286], [76.21428701673052, 11.715773855026832]]]}, "properties": {"id": "T-0060", "area_m2": 248.9, "height_m": 15.6, "density_pct": 73, "confidence_pct": 88, "agb_mg": 194.1, "carbon_mg": 91.23}}, {"type": "Feature", "geometry": {"type": "Polygon", "coordinates": [[[76.10089585422827, 11.709222242344866], [76.10087927316403, 11.709295061485031], [76.10080645402387, 11.709293344524555], [76.10075453506347, 11.709274161305265], [76.1007338063701, 11.709222242344866], [76.10071970545677, 11.709135493777772], [76.10080645402387, 11.70915193950382], [76.10087859986503, 11.70915009650371], [76.10089585422827, 11.709222242344866]]]}, "properties": {"id": "T-0061", "area_m2": 382.2, "height_m": 32.5, "density_pct": 64, "confidence_pct": 91, "agb_mg": 620.72, "carbon_mg": 291.74}}, {"type": "Feature", "geometry": {"type": "Polygon", "coordinates": [[[76.16071897406422, 11.704586358086011], [76.16068144892459, 11.704634322277432], [76.16063348473317, 11.704645128699674], [76.16058577169586, 11.704634071123309], [76.16057540507393, 11.704586358086011], [76.16058784142331, 11.704540714776147], [76.16063348473317, 11.704518769626546], [76.16067692730138, 11.704542915517795], [76.16071897406422, 11.704586358086011]]]}, "properties": {"id": "T-0062", "area_m2": 186.1, "height_m": 20.2, "density_pct": 81, "confidence_pct": 82, "agb_mg": 188.21, "carbon_mg": 88.46}}, {"type": "Feature", "geometry": {"type": "Polygon", "coordinates": [[[76.13841155523076, 11.60276562412057], [76.13839873624413, 11.602814999601048], [76.13834936076366, 11.602856641755626], [76.13830471800571, 11.602810266878517], [76.1382568351249, 11.60276562412057], [76.13829491565399, 11.602711179010896], [76.13834936076366, 11.602675044765796], [76.13840249770156, 11.602712487182666], [76.13841155523076, 11.60276562412057]]]}, "properties": {"id": "T-0063", "area_m2": 250.4, "height_m": 17.8, "density_pct": 73, "confidence_pct": 76, "agb_mg": 222.28, "carbon_mg": 104.47}}, {"type": "Feature", "geometry": {"type": "Polygon", "coordinates": [[[76.1172790218189, 11.615813712204224], [76.11727022925069, 11.615883485424158], [76.11720045603076, 11.615894603368908], [76.11714965430647, 11.615864513928505], [76.11711691806558, 11.615813712204224], [76.11714367903305, 11.615756935206507], [76.11720045603076, 11.615713676850403], [76.11726223993489, 11.615751928300094], [76.1172790218189, 11.615813712204224]]]}, "properties": {"id": "T-0064", "area_m2": 235.4, "height_m": 29.2, "density_pct": 78, "confidence_pct": 95, "agb_mg": 344.32, "carbon_mg": 161.83}}, {"type": "Feature", "geometry": {"type": "Polygon", "coordinates": [[[76.15268197163985, 11.640162105629205], [76.15263132533148, 11.640210754908768], [76.15258267605192, 11.640232023142245], [76.15252099017845, 11.640223791502681], [76.15246968565185, 11.640162105629205], [76.15253714258418, 11.64011657216147], [76.15258267605192, 11.640055580912914], [76.15262712582629, 11.640117655854837], [76.15268197163985, 11.640162105629205]]]}, "properties": {"id": "T-0065", "area_m2": 300.9, "height_m": 14.0, "density_pct": 79, "confidence_pct": 83, "agb_mg": 211.17, "carbon_mg": 99.25}}, {"type": "Feature", "geometry": {"type": "Polygon", "coordinates": [[[76.13300295341334, 11.73718768643753], [76.1329911145759, 11.737219390120371], [76.13295941089306, 11.737237208670642], [76.13291941785032, 11.737227679480277], [76.13290226388692, 11.73718768643753], [76.13293206010496, 11.737160335649422], [76.13295941089306, 11.737125058099954], [76.13300762411488, 11.737139473215706], [76.13300295341334, 11.73718768643753]]]}, "properties": {"id": "T-0066", "area_m2": 114.7, "height_m": 29.6, "density_pct": 88, "confidence_pct": 90, "agb_mg": 169.44, "carbon_mg": 79.64}}, {"type": "Feature", "geometry": {"type": "Polygon", "coordinates": [[[76.18421599834626, 11.600849419030338], [76.18416548459204, 11.600949633865623], [76.18406526975676, 11.600977320289283], [76.18397847353852, 11.60093621524858], [76.18393736148649, 11.600849419030338], [76.18399950113279, 11.600783650406374], [76.18406526975676, 11.600746807732436], [76.18418212333583, 11.600732565451267], [76.18421599834626, 11.600849419030338]]]}, "properties": {"id": "T-0067", "area_m2": 650.5, "height_m": 14.9, "density_pct": 67, "confidence_pct": 75, "agb_mg": 483.2, "carbon_mg": 227.1}}, {"type": "Feature", "geometry": {"type": "Polygon", "coordinates": [[[76.21719225855246, 11.73826233618235], [76.21716731214308, 11.738361124081722], [76.2170685242437, 11.738386082955081], [76.21697619252583, 11.73835466790022], [76.21691806530247, 11.73826233618235], [76.21697528543362, 11.738169097372264], [76.2170685242437, 11.738112573634165], [76.21714828197726, 11.738182578448793], [76.21719225855246, 11.73826233618235]]]}, "properties": {"id": "T-0068", "area_m2": 600.7, "height_m": 24.0, "density_pct": 89, "confidence_pct": 80, "agb_mg": 721.49, "carbon_mg": 339.1}}, {"type": "Feature", "geometry": {"type": "Polygon", "coordinates": [[[76.06796759315942, 11.692547928035072], [76.0679158580796, 11.692616350421144], [76.06784743569354, 11.692656653443754], [76.06778274241474, 11.692612621313874], [76.06772148663336, 11.692547928035072], [76.06777928090447, 11.692479773246005], [76.06784743569354, 11.692422673520086], [76.06793789629921, 11.692457467429396], [76.06796759315942, 11.692547928035072]]]}, "properties": {"id": "T-0069", "area_m2": 534.7, "height_m": 31.4, "density_pct": 78, "confidence_pct": 78, "agb_mg": 840.34, "carbon_mg": 394.96}}, {"type": "Feature", "geometry": {"type": "Polygon", "coordinates": [[[76.0458960049825, 11.620426457916855], [76.04586707033087, 11.620480171965635], [76.0458133562821, 11.62050930941366], [76.04574657969471, 11.620493234504242], [76.04569756166248, 11.620426457916855], [76.04576470343933, 11.620377805074092], [76.0458133562821, 11.620341198304882], [76.04586020237794, 11.62037961182102], [76.0458960049825, 11.620426457916855]]]}, "properties": {"id": "T-0070", "area_m2": 317.3, "height_m": 30.3, "density_pct": 95, "confidence_pct": 96, "agb_mg": 481.21, "carbon_mg": 226.17}}, {"type": "Feature", "geometry": {"type": "Polygon", "coordinates": [[[76.10554970066417, 11.661738441707428], [76.10553836283857, 11.661812331126963], [76.10546447341903, 11.661849319094955], [76.10538100002385, 11.661821915102601], [76.10539309052017, 11.661738441707428], [76.10540548946567, 11.661679457754067], [76.10546447341903, 11.661660472523494], [76.10553500972777, 11.661667905398689], [76.10554970066417, 11.661738441707428]]]}, "properties": {"id": "T-0071", "area_m2": 379.8, "height_m": 22.3, "density_pct": 93, "confidence_pct": 95, "agb_mg": 422.78, "carbon_mg": 198.71}}, {"type": "Feature", "geometry": {"type": "Polygon", "coordinates": [[[76.17141672253665, 11.762505637374812], [76.17134905935592, 11.762591942723631], [76.1712627540071, 11.762638659510618], [76.17115909503558, 11.762609296346339], [76.17112384872864, 11.762505637374812], [76.17117078126495, 11.762413664632655], [76.1712627540071, 11.76237403820267], [76.17132684809654, 11.762441543285378], [76.17141672253665, 11.762505637374812]]]}, "properties": {"id": "T-0072", "area_m2": 582.3, "height_m": 27.5, "density_pct": 98, "confidence_pct": 80, "agb_mg": 802.0, "carbon_mg": 376.94}}, {"type": "Feature", "geometry": {"type": "Polygon", "coordinates": [[[76.07440384923254, 11.665546046108433], [76.07436501667294, 11.66562282628036], [76.07428823650102, 11.665635572807467], [76.07422610285586, 11.665608179753589], [76.0741743165756, 11.665546046108433], [76.07422074511932, 11.665478554726727], [76.07428823650102, 11.665439982410842], [76.0743732452072, 11.665461037402258], [76.07440384923254, 11.665546046108433]]]}, "properties": {"id": "T-0073", "area_m2": 419.3, "height_m": 15.5, "density_pct": 69, "confidence_pct": 91, "agb_mg": 325.22, "carbon_mg": 152.85}}, {"type": "Feature", "geometry": {"type": "Polygon", "coordinates": [[[76.21079820234849, 11.691570102371898], [76.21078907642654, 11.691612887606581], [76.21074629119185, 11.691618732852188], [76.21070167225095, 11.6916147213128], [76.21067874982627, 11.691570102371898], [76.21069876647577, 11.691522577655823], [76.21074629119185, 11.691515397903006], [76.21078038150283, 11.691536012060926], [76.21079820234849, 11.691570102371898]]]}, "properties": {"id": "T-0074", "area_m2": 113.3, "height_m": 11.2, "density_pct": 71, "confidence_pct": 91, "agb_mg": 63.59, "carbon_mg": 29.89}}, {"type": "Feature", "geometry": {"type": "Polygon", "coordinates": [[[76.21866331028968, 11.608299123113026], [76.21866575897556, 11.608356566126211], [76.21860831596237, 11.608357666236923], [76.21857015416164, 11.608337284913752], [76.21855247341654, 11.608299123113026], [76.21855036179679, 11.608241168947444], [76.21860831596237, 11.608217462210074], [76.21864201710193, 11.60826542197347], [76.21866331028968, 11.608299123113026]]]}, "properties": {"id": "T-0075", "area_m2": 163.6, "height_m": 25.0, "density_pct": 63, "confidence_pct": 78, "agb_mg": 204.25, "carbon_mg": 96.0}}, {"type": "Feature", "geometry": {"type": "Polygon", "coordinates": [[[76.19660751732621, 11.71157176330141], [76.19662233634224, 11.711664289137419], [76.19652981050623, 11.711645620589028], [76.19647115428855, 11.711630419519102], [76.19642744124774, 11.71157176330141], [76.19645360342015, 11.711495556215331], [76.19652981050623, 11.711460033153767], [76.19659494524178, 11.711506628565854], [76.19660751732621, 11.71157176330141]]]}, "properties": {"id": "T-0076", "area_m2": 422.1, "height_m": 10.8, "density_pct": 64, "confidence_pct": 79, "agb_mg": 228.22, "carbon_mg": 107.26}}, {"type": "Feature", "geometry": {"type": "Polygon", "coordinates": [[[76.14217591207697, 11.74927800939836], [76.1421285493572, 11.749340915066654], [76.1420656436889, 11.749368110442697], [76.14201128455585, 11.749332368531412], [76.1419534422943, 11.74927800939836], [76.14201736977505, 11.749229735484512], [76.1420656436889, 11.749167011416116], [76.14212196233684, 11.749221690750403], [76.14217591207697, 11.74927800939836]]]}, "properties": {"id": "T-0077", "area_m2": 361.1, "height_m": 22.0, "density_pct": 65, "confidence_pct": 91, "agb_mg": 397.6, "carbon_mg": 186.87}}, {"type": "Feature", "geometry": {"type": "Polygon", "coordinates": [[[76.05529623802126, 11.607547189458412], [76.05528899428361, 11.607597632208517], [76.0552385515335, 11.607598276715624], [76.05519344551429, 11.607592295477625], [76.05516427006202, 11.607547189458412], [76.05518001662247, 11.607488654547383], [76.0552385515335, 11.607480388954748], [76.05527357978572, 11.607512161206202], [76.05529623802126, 11.607547189458412]]]}, "properties": {"id": "T-0078", "area_m2": 159.1, "height_m": 31.8, "density_pct": 90, "confidence_pct": 97, "agb_mg": 253.2, "carbon_mg": 119.0}}, {"type": "Feature", "geometry": {"type": "Polygon", "coordinates": [[[76.17649921282674, 11.68894431641627], [76.17645289483795, 11.688996735953912], [76.17640047530031, 11.689032114661934], [76.17632459589326, 11.689020195823323], [76.176301031647, 11.68894431641627], [76.17633737766616, 11.688881218782115], [76.17640047530031, 11.68888175424502], [76.17646844161025, 11.688876350106334], [76.17649921282674, 11.68894431641627]]]}, "properties": {"id": "T-0079", "area_m2": 275.0, "height_m": 22.9, "density_pct": 80, "confidence_pct": 79, "agb_mg": 315.02, "carbon_mg": 148.06}}, {"type": "Feature", "geometry": {"type": "Polygon", "coordinates": [[[76.08483644269327, 11.619203900464683], [76.08481342333684, 11.619303918614957], [76.08471340518656, 11.619363927519327], [76.08462301771401, 11.619294287937233], [76.08459354322468, 11.619203900464683], [76.08459673037561, 11.61908722565373], [76.08471340518656, 11.619041765570563], [76.08478375885386, 11.619133546797384], [76.08483644269327, 11.619203900464683]]]}, "properties": {"id": "T-0080", "area_m2": 628.6, "height_m": 27.8, "density_pct": 80, "confidence_pct": 96, "agb_mg": 874.74, "carbon_mg": 411.13}}, {"type": "Feature", "geometry": {"type": "Polygon", "coordinates": [[[76.0902118334204, 11.703193041457586], [76.09016968881659, 11.703290438627402], [76.09007229164678, 11.703362156784895], [76.08995788003095, 11.703307453073418], [76.08994600317857, 11.703193041457586], [76.08993637987307, 11.703057129683874], [76.09007229164678, 11.70305017234634], [76.09018381488715, 11.703081518217203], [76.0902118334204, 11.703193041457586]]]}, "properties": {"id": "T-0081", "area_m2": 854.4, "height_m": 34.2, "density_pct": 95, "confidence_pct": 88, "agb_mg": 1459.5, "carbon_mg": 685.96}}, {"type": "Feature", "geometry": {"type": "Polygon", "coordinates": [[[76.09992699272638, 11.668295639432763], [76.0999192041011, 11.668377322331255], [76.0998375212026, 11.66845521732809], [76.09975468477295, 11.668378475862422], [76.09972317938897, 11.668295639432763], [76.0997632145873, 11.668221332817454], [76.0998375212026, 11.668161229407184], [76.09994823694606, 11.668184923689301], [76.09992699272638, 11.668295639432763]]]}, "properties": {"id": "T-0082", "area_m2": 598.1, "height_m": 25.7, "density_pct": 98, "confidence_pct": 85, "agb_mg": 767.84, "carbon_mg": 360.89}}, {"type": "Feature", "geometry": {"type": "Polygon", "coordinates": [[[76.06536936034007, 11.700727743467498], [76.06535507904357, 11.700765857565292], [76.06531696494578, 11.700801645961628], [76.06527415416649, 11.700770554246791], [76.06526148895975, 11.700727743467498], [76.0652654776139, 11.700676256135624], [76.06531696494578, 11.700670195740463], [76.06536802849604, 11.70067667991724], [76.06536936034007, 11.700727743467498]]]}, "properties": {"id": "T-0083", "area_m2": 183.0, "height_m": 34.0, "density_pct": 67, "confidence_pct": 78, "agb_mg": 311.36, "carbon_mg": 146.34}}, {"type": "Feature", "geometry": {"type": "Polygon", "coordinates": [[[76.0518698221981, 11.683080739547288], [76.05183580146138, 11.683139030202527], [76.05177751080613, 11.68318292595122], [76.05170163138584, 11.683156618967583], [76.05168481557564, 11.683080739547288], [76.05170255660815, 11.683005785349309], [76.05177751080613, 11.683009424254376], [76.05183852864445, 11.683019721708966], [76.0518698221981, 11.683080739547288]]]}, "properties": {"id": "T-0084", "area_m2": 282.3, "height_m": 32.8, "density_pct": 99, "confidence_pct": 80, "agb_mg": 462.34, "carbon_mg": 217.3}}, {"type": "Feature", "geometry": {"type": "Polygon", "coordinates": [[[76.12215123206187, 11.678188604185484], [76.12213988797726, 11.678289668751592], [76.12203882341115, 11.678306694836559], [76.1219495305098, 11.678277897086831], [76.12186641860957, 11.678188604185484], [76.12195933084764, 11.67810911162198], [76.12203882341115, 11.678047697611477], [76.1221425477185, 11.678084879878131], [76.12215123206187, 11.678188604185484]]]}, "properties": {"id": "T-0085", "area_m2": 726.0, "height_m": 17.3, "density_pct": 76, "confidence_pct": 90, "agb_mg": 628.0, "carbon_mg": 295.16}}, {"type": "Feature", "geometry": {"type": "Polygon", "coordinates": [[[76.07514655964249, 11.708743789073138], [76.07515668330454, 11.708797844599236], [76.07510262777845, 11.708815424642417], [76.07506849912015, 11.70877791773144], [76.07504334664574, 11.708743789073138], [76.07505633392807, 11.708697495222765], [76.07510262777845, 11.708670291942754], [76.07515878415097, 11.708687632700617], [76.07514655964249, 11.708743789073138]]]}, "properties": {"id": "T-0086", "area_m2": 150.5, "height_m": 22.1, "density_pct": 74, "confidence_pct": 78, "agb_mg": 166.21, "carbon_mg": 78.12}}, {"type": "Feature", "geometry": {"type": "Polygon", "coordinates": [[[76.13325669195183, 11.620798276703924], [76.13326446368697, 11.620915932431771], [76.13314680795912, 11.62089669901389], [76.13306065799452, 11.620884426668527], [76.13302730499126, 11.620798276703924], [76.13302656168052, 11.620678030425326], [76.13314680795912, 11.62065153154186], [76.1332594693914, 11.620685615271647], [76.13325669195183, 11.620798276703924]]]}, "properties": {"id": "T-0087", "area_m2": 707.0, "height_m": 16.5, "density_pct": 78, "confidence_pct": 96, "agb_mg": 584.1, "carbon_mg": 274.53}}, {"type": "Feature", "geometry": {"type": "Polygon", "coordinates": [[[76.20972313275503, 11.705505415552869], [76.20970098252351, 11.705599472928496], [76.2096069251479, 11.705621267259747], [76.2095203350682, 11.705592005632559], [76.20947889070051, 11.705505415552869], [76.20950628789339, 11.70540477829836], [76.2096069251479, 11.705385778990017], [76.20968020891038, 11.70543213179038], [76.20972313275503, 11.705505415552869]]]}, "properties": {"id": "T-0088", "area_m2": 485.9, "height_m": 20.7, "density_pct": 65, "confidence_pct": 94, "agb_mg": 502.96, "carbon_mg": 236.39}}, {"type": "Feature", "geometry": {"type": "Polygon", "coordinates": [[[76.16810476738858, 11.607452217302555], [76.16808753308236, 11.607535889396129], [76.16800386098879, 11.607563945916372], [76.16792598151044, 11.607530096780911], [76.16784970015014, 11.607452217302555], [76.1679351929692, 11.607383549282961], [76.16800386098879, 11.607353582038657], [76.16807346954643, 11.607382608744917], [76.16810476738858, 11.607452217302555]]]}, "properties": {"id": "T-0089", "area_m2": 632.2, "height_m": 19.2, "density_pct": 89, "confidence_pct": 86, "agb_mg": 607.51, "carbon_mg": 285.53}}, {"type": "Feature", "geometry": {"type": "Polygon", "coordinates": [[[76.16453941043274, 11.62353276630944], [76.1645301450324, 11.623597081132573], [76.16446583020927, 11.623659082317818], [76.16438262171484, 11.62361597480387], [76.16436519436357, 11.62353276630944], [76.16438539332214, 11.623452329422314], [76.16446583020927, 11.623433817055702], [76.16453205312, 11.623466543398703], [76.16453941043274, 11.62353276630944]]]}, "properties": {"id": "T-0090", "area_m2": 416.9, "height_m": 20.0, "density_pct": 64, "confidence_pct": 83, "agb_mg": 417.91, "carbon_mg": 196.42}}, {"type": "Feature", "geometry": {"type": "Polygon", "coordinates": [[[76.20039464122057, 11.670118429685035], [76.20032672839227, 11.670178712744644], [76.20026644533266, 11.670244944576686], [76.20019416840978, 11.670190706607913], [76.20013651215298, 11.670118429685035], [76.2001671642651, 11.670019148617476], [76.20026644533266, 11.670019799364233], [76.20032676861805, 11.670058106399644], [76.20039464122057, 11.670118429685035]]]}, "properties": {"id": "T-0091", "area_m2": 464.2, "height_m": 16.4, "density_pct": 64, "confidence_pct": 82, "agb_mg": 381.44, "carbon_mg": 179.28}}, {"type": "Feature", "geometry": {"type": "Polygon", "coordinates": [[[76.18021577360918, 11.711218648694437], [76.18022214372814, 11.711306040674918], [76.18013475174766, 11.711343523315177], [76.18005330062928, 11.711300099812807], [76.18002464127608, 11.711218648694437], [76.18007834128488, 11.711162238231658], [76.18013475174766, 11.711138462926048], [76.18021605244162, 11.711137348000479], [76.18021577360918, 11.711218648694437]]]}, "properties": {"id": "T-0092", "area_m2": 365.3, "height_m": 33.1, "density_pct": 94, "confidence_pct": 94, "agb_mg": 603.96, "carbon_mg": 283.86}}, {"type": "Feature", "geometry": {"type": "Polygon", "coordinates": [[[76.05140944896416, 11.729098688942356], [76.05137137287697, 11.729207761799165], [76.05126230002017, 11.72925144248937], [76.05117333980346, 11.729187649159071], [76.05113130866094, 11.729098688942356], [76.05115303257669, 11.728989421498875], [76.05126230002017, 11.728948741123554], [76.05135160207936, 11.72900938688316], [76.05140944896416, 11.729098688942356]]]}, "properties": {"id": "T-0093", "area_m2": 598.4, "height_m": 25.5, "density_pct": 68, "confidence_pct": 94, "agb_mg": 762.09, "carbon_mg": 358.18}}, {"type": "Feature", "geometry": {"type": "Polygon", "coordinates": [[[76.18601526035077, 11.72777845457121], [76.18600234249939, 11.727852669033691], [76.1859281280369, 11.727875413072198], [76.18586152341432, 11.727845059193804], [76.18579998933795, 11.72777845457121], [76.18584693713119, 11.727697263665487], [76.1859281280369, 11.727674645287651], [76.18601512999238, 11.727691452615728], [76.18601526035077, 11.72777845457121]]]}, "properties": {"id": "T-0094", "area_m2": 416.2, "height_m": 23.1, "density_pct": 72, "confidence_pct": 95, "agb_mg": 481.54, "carbon_mg": 226.32}}, {"type": "Feature", "geometry": {"type": "Polygon", "coordinates": [[[76.1822282714594, 11.646855508678772], [76.18218619739699, 11.646907595207239], [76.18213411086852, 11.646983768199554], [76.18207637770776, 11.64691324183953], [76.18205720803921, 11.646855508678772], [76.18207765655082, 11.646799054361075], [76.18213411086852, 11.646736613453559], [76.18218707516299, 11.646802544384304], [76.1822282714594, 11.646855508678772]]]}, "properties": {"id": "T-0095", "area_m2": 400.8, "height_m": 19.9, "density_pct": 91, "confidence_pct": 96, "agb_mg": 398.93, "carbon_mg": 187.5}}, {"type": "Feature", "geometry": {"type": "Polygon", "coordinates": [[[76.0522971082706, 11.637813993344393], [76.05226952932499, 11.637865673608385], [76.052217849061, 11.637918259311922], [76.0521490400483, 11.637882802357083], [76.05212832457445, 11.637813993344393], [76.05216254030304, 11.637758684586444], [76.052217849061, 11.637712907766963], [76.05229005953395, 11.637741782871446], [76.0522971082706, 11.637813993344393]]]}, "properties": {"id": "T-0096", "area_m2": 287.5, "height_m": 19.2, "density_pct": 78, "confidence_pct": 94, "agb_mg": 275.8, "carbon_mg": 129.63}}, {"type": "Feature", "geometry": {"type": "Polygon", "coordinates": [[[76.10028985145333, 11.621050879171278], [76.10026210957717, 11.62112887213555], [76.1001841166129, 11.621150105313491], [76.10013528892507, 11.6210997068591], [76.10008543378048, 11.621050879171278], [76.10010156963779, 11.620968332196176], [76.1001841166129, 11.62098282291927], [76.10025507313237, 11.620979922651804], [76.10028985145333, 11.621050879171278]]]}, "properties": {"id": "T-0097", "area_m2": 320.3, "height_m": 19.1, "density_pct": 73, "confidence_pct": 80, "agb_mg": 305.36, "carbon_mg": 143.52}}, {"type": "Feature", "geometry": {"type": "Polygon", "coordinates": [[[76.11075606011858, 11.71733679844821], [76.11073168327366, 11.717389895490692], [76.11067858623117, 11.717428450467935], [76.11063166235692, 11.717383722322454], [76.11061513398205, 11.71733679844821], [76.1106260880352, 11.717284300252242], [76.11067858623117, 11.717264399510407], [76.11072344056763, 11.717291944111755], [76.11075606011858, 11.71733679844821]]]}, "properties": {"id": "T-0098", "area_m2": 227.4, "height_m": 14.0, "density_pct": 97, "confidence_pct": 88, "agb_mg": 158.68, "carbon_mg": 74.58}}, {"type": "Feature", "geometry": {"type": "Polygon", "coordinates": [[[76.06986937977797, 11.669334003341747], [76.0698375088057, 11.669379730941433], [76.06979178120602, 11.669441434083433], [76.06973657733974, 11.669389207208022], [76.06970021104448, 11.669334003341747], [76.06974793284792, 11.669290154983642], [76.06979178120602, 11.669254135658717], [76.0698528148575, 11.66927296969027], [76.06986937977797, 11.669334003341747]]]}, "properties": {"id": "T-0099", "area_m2": 289.7, "height_m": 24.5, "density_pct": 96, "confidence_pct": 84, "agb_mg": 355.0, "carbon_mg": 166.85}}, {"type": "Feature", "geometry": {"type": "Polygon", "coordinates": [[[76.13432854247978, 11.708054284558834], [76.13432106943543, 11.708107922863775], [76.1342674311305, 11.708135540313469], [76.13422354439103, 11.7080981712983], [76.13421567747682, 11.708054284558834], [76.1342279408927, 11.70801479432103], [76.1342674311305, 11.7079829894371], [76.13431506780562, 11.708006647883714], [76.13432854247978, 11.708054284558834]]]}, "properties": {"id": "T-0100", "area_m2": 162.4, "height_m": 28.4, "density_pct": 69, "confidence_pct": 91, "agb_mg": 230.4, "carbon_mg": 108.29}}, {"type": "Feature", "geometry": {"type": "Polygon", "coordinates": [[[76.14557687764196, 11.671083359927984], [76.1455570316548, 11.671139493603091], [76.1455008979797, 11.671147282601552], [76.14542624288327, 11.671158015024403], [76.145416165269, 11.671083359927984], [76.14542172589252, 11.671004187840804], [76.1455008979797, 11.671013910669695], [76.14556411697694, 11.671020140930747], [76.14557687764196, 11.671083359927984]]]}, "properties": {"id": "T-0101", "area_m2": 304.9, "height_m": 32.0, "density_pct": 90, "confidence_pct": 94, "agb_mg": 487.48, "carbon_mg": 229.12}}, {"type": "Feature", "geometry": {"type": "Polygon", "coordinates": [[[76.16662047885782, 11.757617372187402], [76.16661460867597, 11.7576913958321], [76.16654058503127, 11.757698960836835], [76.16646452669715, 11.757693430521524], [76.16642918063738, 11.757617372187402], [76.16648395835236, 11.757560745508485], [76.16654058503127, 11.757540374902717], [76.16661717679455, 11.75754078042412], [76.16662047885782, 11.757617372187402]]]}, "properties": {"id": "T-0102", "area_m2": 327.1, "height_m": 28.0, "density_pct": 75, "confidence_pct": 88, "agb_mg": 457.23, "carbon_mg": 214.9}}, {"type": "Feature", "geometry": {"type": "Polygon", "coordinates": [[[76.21061341578127, 11.738522579849104], [76.21058486700437, 11.738601865306846], [76.21050558154663, 11.7386769128642], [76.21042157014301, 11.738606591252713], [76.21035364153236, 11.738522579849104], [76.2103907821158, 11.738407780418271], [76.21050558154663, 11.738402106846507], [76.21057596510312, 11.738452196292615], [76.21061341578127, 11.738522579849104]]]}, "properties": {"id": "T-0103", "area_m2": 783.2, "height_m": 23.4, "density_pct": 79, "confidence_pct": 89, "agb_mg": 914.51, "carbon_mg": 429.82}}, {"type": "Feature", "geometry": {"type": "Polygon", "coordinates": [[[76.05538915200056, 11.675981971248964], [76.05535417827772, 11.67604797913033], [76.05528817039635, 11.676105663979637], [76.0552062092458, 11.676063932399519], [76.05516135815228, 11.675981971248964], [76.05521097938902, 11.675904780241634], [76.05528817039635, 11.675847121285262], [76.05537539550372, 11.675894746141601], [76.05538915200056, 11.675981971248964]]]}, "properties": {"id": "T-0104", "area_m2": 445.7, "height_m": 15.3, "density_pct": 88, "confidence_pct": 95, "agb_mg": 340.79, "carbon_mg": 160.17}}, {"type": "Feature", "geometry": {"type": "Polygon", "coordinates": [[[76.20443599936961, 11.751488673891666], [76.20439320901161, 11.751523376621439], [76.20435850628184, 11.751573371545096], [76.20429912905433, 11.751548051119169], [76.20427373362429, 11.751488673891666], [76.2042971546474, 11.751427322257232], [76.20435850628184, 11.751416298077485], [76.20441533890438, 11.751431841269122], [76.20443599936961, 11.751488673891666]]]}, "properties": {"id": "T-0105", "area_m2": 179.9, "height_m": 17.8, "density_pct": 94, "confidence_pct": 98, "agb_mg": 160.44, "carbon_mg": 75.41}}, {"type": "Feature", "geometry": {"type": "Polygon", "coordinates": [[[76.13875808033828, 11.708566655001688], [76.13871273676705, 11.708652046816074], [76.13862734495267, 11.708719323886234], [76.13854732649716, 11.708646673457196], [76.13851853068287, 11.708566655001688], [76.13855073640069, 11.708490046449713], [76.13862734495267, 11.708439277449378], [76.1387202329095, 11.708473767044852], [76.13875808033828, 11.708566655001688]]]}, "properties": {"id": "T-0106", "area_m2": 636.3, "height_m": 34.7, "density_pct": 78, "confidence_pct": 95, "agb_mg": 1105.47, "carbon_mg": 519.57}}, {"type": "Feature", "geometry": {"type": "Polygon", "coordinates": [[[76.14200920307279, 11.672210265864706], [76.14200695459284, 11.672270213385008], [76.14194700707255, 11.672282709493006], [76.14190444120872, 11.672252831728523], [76.14186149673722, 11.672210265864706], [76.14189183745256, 11.67215509624472], [76.14194700707255, 11.672154177599538], [76.14199288401787, 11.672164388919384], [76.14200920307279, 11.672210265864706]]]}, "properties": {"id": "T-0107", "area_m2": 187.2, "height_m": 19.6, "density_pct": 62, "confidence_pct": 77, "agb_mg": 183.9, "carbon_mg": 86.43}}, {"type": "Feature", "geometry": {"type": "Polygon", "coordinates": [[[76.10420563374835, 11.682631193142752], [76.1041814334869, 11.682745699184863], [76.10406692744479, 11.682787167310133], [76.10397991677044, 11.682718203817103], [76.10393624860825, 11.682631193142752], [76.10395595374807, 11.682520219446033], [76.10406692744479, 11.68252614395462], [76.10413828510309, 11.682559835484453], [76.10420563374835, 11.682631193142752]]]}, "properties": {"id": "T-0108", "area_m2": 719.5, "height_m": 22.9, "density_pct": 77, "confidence_pct": 84, "agb_mg": 824.65, "carbon_mg": 387.59}}, {"type": "Feature", "geometry": {"type": "Polygon", "coordinates": [[[76.20666035570645, 11.672332768542391], [76.2066196710097, 11.672403561820698], [76.2065488777314, 11.67243476680226], [76.20647307478835, 11.672408571485443], [76.20642133134314, 11.672332768542391], [76.20645026476448, 11.672234155575481], [76.2065488777314, 11.672206180390392], [76.20662363444907, 11.672258011824717], [76.20666035570645, 11.672332768542391]]]}, "properties": {"id": "T-0109", "area_m2": 508.3, "height_m": 19.9, "density_pct": 63, "confidence_pct": 96, "agb_mg": 505.27, "carbon_mg": 237.48}}, {"type": "Feature", "geometry": {"type": "Polygon", "coordinates": [[[76.07386075464709, 11.609029083965144], [76.07384890554474, 11.609100657220129], [76.07377733228975, 11.60914190518857], [76.07371555427866, 11.609090861976226], [76.07369074680803, 11.609029083965144], [76.07371772063485, 11.608969472310244], [76.07377733228975, 11.608940876365889], [76.07383531950721, 11.608971096747677], [76.07386075464709, 11.609029083965144]]]}, "properties": {"id": "T-0110", "area_m2": 425.3, "height_m": 20.2, "density_pct": 74, "confidence_pct": 97, "agb_mg": 429.05, "carbon_mg": 201.65}}, {"type": "Feature", "geometry": {"type": "Polygon", "coordinates": [[[76.18994280382587, 11.688585415662393], [76.18995427536463, 11.688667228278897], [76.18987246274813, 11.688670591715237], [76.18979968003013, 11.68865819838039], [76.18976538264342, 11.688585415662393], [76.18980400019876, 11.688516953113025], [76.18987246274813, 11.688491549709008], [76.18992139596214, 11.68853648244837], [76.18994280382587, 11.688585415662393]]]}, "properties": {"id": "T-0111", "area_m2": 372.3, "height_m": 24.6, "density_pct": 71, "confidence_pct": 97, "agb_mg": 458.07, "carbon_mg": 215.29}}, {"type": "Feature", "geometry": {"type": "Polygon", "coordinates": [[[76.13877420457536, 11.627984706954782], [76.13873842684043, 11.628038609501102], [76.1386845242941, 11.62803972386668], [76.1386347316435, 11.628034499605388], [76.13861001845486, 11.627984706954782], [76.13861819064466, 11.627918373305338], [76.1386845242941, 11.627918648338534], [76.13874799403888, 11.627921237210003], [76.13877420457536, 11.627984706954782]]]}, "properties": {"id": "T-0112", "area_m2": 205.1, "height_m": 24.2, "density_pct": 71, "confidence_pct": 82, "agb_mg": 247.95, "carbon_mg": 116.54}}, {"type": "Feature", "geometry": {"type": "Polygon", "coordinates": [[[76.08298996361745, 11.769736215327498], [76.08297128436134, 11.76976809661742], [76.0829394030714, 11.76977547432], [76.08289960660387, 11.769776011795035], [76.08288964761991, 11.769736215327498], [76.08291007264073, 11.769706884896818], [76.0829394030714, 11.769672585387697], [76.08296538911466, 11.769710229284245], [76.08298996361745, 11.769736215327498]]]}, "properties": {"id": "T-0113", "area_m2": 104.1, "height_m": 31.2, "density_pct": 70, "confidence_pct": 79, "agb_mg": 162.51, "carbon_mg": 76.38}}, {"type": "Feature", "geometry": {"type": "Polygon", "coordinates": [[[76.12202493990652, 11.596593731683072], [76.1219862852052, 11.596652575340174], [76.1219274415481, 11.596685336549859], [76.12183471451567, 11.596686458715501], [76.12181846942914, 11.596593731683072], [76.12187446142335, 11.596540751558328], [76.1219274415481, 11.596507788645178], [76.1220058693127, 11.59651530391847], [76.12202493990652, 11.596593731683072]]]}, "properties": {"id": "T-0114", "area_m2": 421.6, "height_m": 22.1, "density_pct": 85, "confidence_pct": 83, "agb_mg": 466.66, "carbon_mg": 219.33}}, {"type": "Feature", "geometry": {"type": "Polygon", "coordinates": [[[76.05671709114164, 11.653134857233699], [76.05666226362956, 11.653235313680632], [76.05656180718263, 11.653247895511235], [76.05644421552114, 11.653252448895193], [76.05644903655524, 11.653134857233699], [76.05648847663015, 11.65306152668122], [76.05656180718263, 11.652979865790083], [76.05665460461984, 11.653042059796496], [76.05671709114164, 11.653134857233699]]]}, "properties": {"id": "T-0115", "area_m2": 659.3, "height_m": 33.4, "density_pct": 84, "confidence_pct": 83, "agb_mg": 1101.73, "carbon_mg": 517.81}}, {"type": "Feature", "geometry": {"type": "Polygon", "coordinates": [[[76.10959344758778, 11.719484176222815], [76.10956077943315, 11.719571979836859], [76.1094729758191, 11.71957406933969], [76.10939162869951, 11.719565523342409], [76.10939171514202, 11.719484176222815], [76.10941373261169, 11.719424933015398], [76.1094729758191, 11.719366387589593], [76.10954210481488, 11.71941504722704], [76.10959344758778, 11.719484176222815]]]}, "properties": {"id": "T-0116", "area_m2": 375.2, "height_m": 22.1, "density_pct": 90, "confidence_pct": 86, "agb_mg": 414.59, "carbon_mg": 194.86}}, {"type": "Feature", "geometry": {"type": "Polygon", "coordinates": [[[76.19209543584867, 11.72228037727024], [76.19207801280335, 11.722336172003756], [76.19202221806984, 11.722356785804573], [76.19196884121303, 11.722333754127048], [76.191953986214, 11.72228037727024], [76.19197885743593, 11.722237016636331], [76.19202221806984, 11.72219475406003], [76.19206558294316, 11.722237012396922], [76.19209543584867, 11.72228037727024]]]}, "properties": {"id": "T-0117", "area_m2": 249.9, "height_m": 10.2, "density_pct": 98, "confidence_pct": 93, "agb_mg": 126.96, "carbon_mg": 59.67}}, {"type": "Feature", "geometry": {"type": "Polygon", "coordinates": [[[76.20370268308534, 11.595685952611884], [76.2036844205496, 11.59577148590268], [76.2035988872588, 11.595787354072606], [76.20355013807115, 11.59573470179954], [76.20348990619689, 11.595685952611884], [76.20351853428545, 11.595605599638521], [76.2035988872588, 11.595570644271515], [76.2036704651276, 11.595614374743091], [76.20370268308534, 11.595685952611884]]]}, "properties": {"id": "T-0118", "area_m2": 376.5, "height_m": 16.7, "density_pct": 77, "confidence_pct": 94, "agb_mg": 314.74, "carbon_mg": 147.93}}, {"type": "Feature", "geometry": {"type": "Polygon", "coordinates": [[[76.1832326419263, 11.656767142700307], [76.18318642721464, 11.656825623338511], [76.18312794657643, 11.656872775469095], [76.18307039355464, 11.656824695722092], [76.18302752139199, 11.656767142700307], [76.1830357388838, 11.656674935007672], [76.18312794657643, 11.656641576344706], [76.18318175611255, 11.656713333164191], [76.1832326419263, 11.656767142700307]]]}, "properties": {"id": "T-0119", "area_m2": 405.1, "height_m": 29.5, "density_pct": 78, "confidence_pct": 97, "agb_mg": 596.78, "carbon_mg": 280.49}}, {"type": "Feature", "geometry": {"type": "Polygon", "coordinates": [[[76.07170914984283, 11.60583427959755], [76.0716816036269, 11.605865297602431], [76.07165058562202, 11.605889586118868], [76.07161821253601, 11.605866652683567], [76.07161297788697, 11.60583427959755], [76.07162194995168, 11.605805643927207], [76.07165058562202, 11.605778165788285], [76.07169341561047, 11.605791449609109], [76.07170914984283, 11.60583427959755]]]}, "properties": {"id": "T-0120", "area_m2": 104.6, "height_m": 24.8, "density_pct": 91, "confidence_pct": 75, "agb_mg": 129.87, "carbon_mg": 61.04}}, {"type": "Feature", "geometry": {"type": "Polygon", "coordinates": [[[76.14212848929064, 11.611434470333037], [76.1421048526208, 11.611551508322583], [76.14198781463126, 11.611541180243075], [76.14188129685635, 11.611540988107953], [76.1418788560668, 11.611434470333037], [76.14187858680951, 11.61132524251128], [76.14198781463126, 11.611327115025784], [76.1420744067052, 11.6113478782591], [76.14212848929064, 11.611434470333037]]]}, "properties": {"id": "T-0121", "area_m2": 742.4, "height_m": 27.9, "density_pct": 92, "confidence_pct": 94, "agb_mg": 1034.82, "carbon_mg": 486.36}}, {"type": "Feature", "geometry": {"type": "Polygon", "coordinates": [[[76.18431524155838, 11.667772994787532], [76.18431791894997, 11.667823706863052], [76.18426720687445, 11.66783602083273], [76.18421484160572, 11.667825360056261], [76.1842090841772, 11.667772994787532], [76.18423679106019, 11.667742578973266], [76.18426720687445, 11.66772121008641], [76.18430838568912, 11.667731815972868], [76.18431524155838, 11.667772994787532]]]}, "properties": {"id": "T-0122", "area_m2": 137.5, "height_m": 33.6, "density_pct": 77, "confidence_pct": 80, "agb_mg": 231.04, "carbon_mg": 108.59}}, {"type": "Feature", "geometry": {"type": "Polygon", "coordinates": [[[76.16323049228707, 11.653800260638658], [76.16321601341062, 11.6538456953712], [76.16317057867808, 11.653848036861836], [76.16314212726377, 11.653828712052968], [76.16313301074055, 11.653800260638658], [76.16313142935475, 11.653761111315337], [76.16317057867808, 11.65374214654662], [76.16320184877897, 11.653768990537765], [76.16323049228707, 11.653800260638658]]]}, "properties": {"id": "T-0123", "area_m2": 110.4, "height_m": 18.8, "density_pct": 74, "confidence_pct": 89, "agb_mg": 103.5, "carbon_mg": 48.65}}, {"type": "Feature", "geometry": {"type": "Polygon", "coordinates": [[[76.13063161031675, 11.719115400463387], [76.13062421953028, 11.719158385171333], [76.13058123482233, 11.71916929486787], [76.13054475759488, 11.719151877690836], [76.13053841724901, 11.719115400463387], [76.13054577011818, 11.719079935759229], [76.13058123482233, 11.719046874658922], [76.13062198082811, 11.719074654457607], [76.13063161031675, 11.719115400463387]]]}, "properties": {"id": "T-0124", "area_m2": 134.7, "height_m": 34.0, "density_pct": 99, "confidence_pct": 88, "agb_mg": 228.9, "carbon_mg": 107.58}}, {"type": "Feature", "geometry": {"type": "Polygon", "coordinates": [[[76.06788301010612, 11.725651867893262], [76.06787631720752, 11.72575422518748], [76.06777395991331, 11.725735366705567], [76.06769513066611, 11.725730697140465], [76.06764396843147, 11.725651867893262], [76.06767269791774, 11.725550605897702], [76.06777395991331, 11.72551342031826], [76.0678707704708, 11.725555057335763], [76.06788301010612, 11.725651867893262]]]}, "properties": {"id": "T-0125", "area_m2": 533.4, "height_m": 15.1, "density_pct": 68, "confidence_pct": 97, "agb_mg": 404.01, "carbon_mg": 189.89}}, {"type": "Feature", "geometry": {"type": "Polygon", "coordinates": [[[76.19922840842187, 11.749033470934837], [76.19918481924726, 11.749104641922537], [76.19911364825957, 11.7491333912293], [76.19901162246434, 11.749135496730064], [76.1989892106972, 11.749033470934837], [76.19903440426003, 11.748954226935298], [76.19911364825957, 11.748878302199394], [76.19921062468597, 11.748936494508435], [76.19922840842187, 11.749033470934837]]]}, "properties": {"id": "T-0126", "area_m2": 617.0, "height_m": 30.4, "density_pct": 85, "confidence_pct": 84, "agb_mg": 937.32, "carbon_mg": 440.54}}, {"type": "Feature", "geometry": {"type": "Polygon", "coordinates": [[[76.05437565094665, 11.677015618896593], [76.054335030746, 11.677052556534743], [76.05429809310785, 11.677092915463396], [76.0542509692246, 11.677062742779842], [76.0542250188904, 11.677015618896593], [76.05425188737885, 11.676969413167603], [76.05429809310785, 11.676922002573281], [76.05435616720726, 11.67695754479718], [76.05437565094665, 11.677015618896593]]]}, "properties": {"id": "T-0127", "area_m2": 204.2, "height_m": 30.5, "density_pct": 73, "confidence_pct": 95, "agb_mg": 311.71, "carbon_mg": 146.5}}, {"type": "Feature", "geometry": {"type": "Polygon", "coordinates": [[[76.06219754128975, 11.63944819563425], [76.0621592987821, 11.639521650401957], [76.0620858440144, 11.639560506892728], [76.06199241388374, 11.639541625764904], [76.06197689088832, 11.63944819563425], [76.06202968248303, 11.639392034102876], [76.0620858440144, 11.639326167042912], [76.06216276137074, 11.639371278277906], [76.06219754128975, 11.63944819563425]]]}, "properties": {"id": "T-0128", "area_m2": 436.4, "height_m": 23.1, "density_pct": 84, "confidence_pct": 90, "agb_mg": 503.89, "carbon_mg": 236.83}}, {"type": "Feature", "geometry": {"type": "Polygon", "coordinates": [[[76.13904179785554, 11.687434139957267], [76.1390160700429, 11.687498397822049], [76.13895181217812, 11.687509027343667], [76.13889762181317, 11.687488330322218], [76.13885138988454, 11.687434139957267], [76.13888445410666, 11.687366781885812], [76.13895181217812, 11.687355885471659], [76.13900066213075, 11.68738529000463], [76.13904179785554, 11.687434139957267]]]}, "properties": {"id": "T-0129", "area_m2": 287.4, "height_m": 14.6, "density_pct": 61, "confidence_pct": 76, "agb_mg": 209.7, "carbon_mg": 98.56}}, {"type": "Feature", "geometry": {"type": "Polygon", "coordinates": [[[76.0525996709977, 11.682506344399222], [76.05256699969138, 11.682568899181437], [76.05250444490916, 11.68259218291681], [76.05243686076716, 11.68257392854122], [76.05243681909941, 11.682506344399222], [76.05244729110115, 11.682449190591207], [76.05250444490916, 11.682411028651615], [76.05258678111932, 11.682424008189065], [76.0525996709977, 11.682506344399222]]]}, "properties": {"id": "T-0130", "area_m2": 334.4, "height_m": 33.8, "density_pct": 87, "confidence_pct": 87, "agb_mg": 565.35, "carbon_mg": 265.72}}, {"type": "Feature", "geometry": {"type": "Polygon", "coordinates": [[[76.0830060666923, 11.661124279260699], [76.08297632046438, 11.661158884487326], [76.08294171523775, 11.661204371105127], [76.0828889590618, 11.661177035436642], [76.08288936700454, 11.661124279260699], [76.08288223234639, 11.661064796369338], [76.08294171523775, 11.661054466521565], [76.08299318157525, 11.661072812923203], [76.0830060666923, 11.661124279260699]]]}, "properties": {"id": "T-0131", "area_m2": 183.2, "height_m": 34.4, "density_pct": 68, "confidence_pct": 88, "agb_mg": 315.04, "carbon_mg": 148.07}}, {"type": "Feature", "geometry": {"type": "Polygon", "coordinates": [[[76.08833885601312, 11.651877292812339], [76.08834042298177, 11.65191812837], [76.08829958742412, 11.651916148276673], [76.08827228152438, 11.651904598712074], [76.08824971220871, 11.651877292812339], [76.08827150286392, 11.651849208252145], [76.08829958742412, 11.651816666068253], [76.08833364604165, 11.651843234194812], [76.08833885601312, 11.651877292812339]]]}, "properties": {"id": "T-0132", "area_m2": 118.4, "height_m": 26.7, "density_pct": 85, "confidence_pct": 85, "agb_mg": 158.19, "carbon_mg": 74.35}}, {"type": "Feature", "geometry": {"type": "Polygon", "coordinates": [[[76.13876847192913, 11.734413671369072], [76.13876373448123, 11.73451441785681], [76.1386629879935, 11.73452063462577], [76.1385402591346, 11.734536400227963], [76.13850493004806, 11.734413671369072], [76.1385346424665, 11.734285325842063], [76.1386629879935, 11.734261097270078], [76.13876734458756, 11.73430931477501], [76.13876847192913, 11.734413671369072]]]}, "properties": {"id": "T-0133", "area_m2": 769.2, "height_m": 11.0, "density_pct": 90, "confidence_pct": 77, "agb_mg": 422.2, "carbon_mg": 198.43}}, {"type": "Feature", "geometry": {"type": "Polygon", "coordinates": [[[76.09704876484074, 11.75677628904712], [76.09700814859875, 11.756910945441357], [76.09687349220451, 11.756881936852842], [76.09677258511489, 11.756877196136736], [76.09673209493347, 11.75677628904712], [76.09678372340227, 11.756686520244875], [76.09687349220451, 11.756610947122937], [76.0969929794445, 11.756656801807141], [76.09704876484074, 11.75677628904712]]]}, "properties": {"id": "T-0134", "area_m2": 850.7, "height_m": 24.2, "density_pct": 64, "confidence_pct": 75, "agb_mg": 1027.74, "carbon_mg": 483.04}}, {"type": "Feature", "geometry": {"type": "Polygon", "coordinates": [[[76.08708976963534, 11.728685397653553], [76.08705596809573, 11.728716365588962], [76.08702500016031, 11.728750607884722], [76.08699851089195, 11.728711886921912], [76.08697185664936, 11.728685397653553], [76.08698005981647, 11.728640457309709], [76.08702500016031, 11.728623454577283], [76.08707095872107, 11.728639439092797], [76.08708976963534, 11.728685397653553]]]}, "properties": {"id": "T-0135", "area_m2": 100.5, "height_m": 34.6, "density_pct": 66, "confidence_pct": 80, "agb_mg": 173.77, "carbon_mg": 81.67}}, {"type": "Feature", "geometry": {"type": "Polygon", "coordinates": [[[76.21310112925293, 11.663574545812143], [76.21306959436392, 11.6636647674314], [76.21297937274466, 11.663710502131623], [76.2129199326738, 11.663633985883], [76.21285715158244, 11.663574545812143], [76.21288546223347, 11.663480635300967], [76.21297937274466, 11.663440318755374], [76.21305109661074, 11.66350282194605], [76.21310112925293, 11.663574545812143]]]}, "properties": {"id": "T-0136", "area_m2": 429.5, "height_m": 27.5, "density_pct": 64, "confidence_pct": 79, "agb_mg": 590.15, "carbon_mg": 277.37}}, {"type": "Feature", "geometry": {"type": "Polygon", "coordinates": [[[76.09932659078613, 11.647260826028031], [76.09926240186311, 11.647330377019879], [76.09919285087126, 11.647403715335702], [76.0990946262339, 11.647359050665381], [76.09909254267023, 11.647260826028031], [76.09911713381796, 11.647185108974718], [76.09919285087126, 11.647177013551673], [76.09926043278847, 11.647193244110824], [76.09932659078613, 11.647260826028031]]]}, "properties": {"id": "T-0137", "area_m2": 505.6, "height_m": 18.7, "density_pct": 71, "confidence_pct": 78, "agb_mg": 471.54, "carbon_mg": 221.62}}, {"type": "Feature", "geometry": {"type": "Polygon", "coordinates": [[[76.06591336846189, 11.696948891210173], [76.06585343536771, 11.697019029097948], [76.06578329747994, 11.697101259821801], [76.06570987647413, 11.697022312215983], [76.06568008502221, 11.696948891210173], [76.06569552062078, 11.696861114351018], [76.06578329747994, 11.696829401097823], [76.06589407749777, 11.696838111192333], [76.06591336846189, 11.696948891210173]]]}, "properties": {"id": "T-0138", "area_m2": 709.7, "height_m": 25.5, "density_pct": 78, "confidence_pct": 84, "agb_mg": 904.15, "carbon_mg": 424.95}}, {"type": "Feature", "geometry": {"type": "Polygon", "coordinates": [[[76.08754099947055, 11.652123452496918], [76.08749243904309, 11.652207796706723], [76.08740809483328, 11.652240950373434], [76.08730472554751, 11.652226821782678], [76.08724696555541, 11.652123452496918], [76.08728003081535, 11.651995388478989], [76.08740809483328, 11.652016166692214], [76.08751193270116, 11.65201961462904], [76.08754099947055, 11.652123452496918]]]}, "properties": {"id": "T-0139", "area_m2": 805.1, "height_m": 20.3, "density_pct": 88, "confidence_pct": 93, "agb_mg": 819.13, "carbon_mg": 384.99}}, {"type": "Feature", "geometry": {"type": "Polygon", "coordinates": [[[76.12814761664099, 11.681593557229613], [76.12813471851096, 11.681640063583975], [76.1280882121566, 11.681634800389546], [76.12805089458826, 11.68163087479796], [76.12801960728125, 11.681593557229613], [76.12804576919842, 11.681551114271443], [76.1280882121566, 11.68153182002073], [76.12812411221758, 11.681557657168637], [76.12814761664099, 11.681593557229613]]]}, "properties": {"id": "T-0140", "area_m2": 110.1, "height_m": 13.8, "density_pct": 93, "confidence_pct": 98, "agb_mg": 76.2, "carbon_mg": 35.81}}, {"type": "Feature", "geometry": {"type": "Polygon", "coordinates": [[[76.09361366352393, 11.72463426440217], [76.09362625971303, 11.72474936227821], [76.09351116183699, 11.724778314774152], [76.09340899677585, 11.724736429463302], [76.0933965904034, 11.72463426440217], [76.09342831989436, 11.724551422459536], [76.09351116183699, 11.724487825045145], [76.09363376269091, 11.724511663548236], [76.09361366352393, 11.72463426440217]]]}, "properties": {"id": "T-0141", "area_m2": 727.5, "height_m": 14.1, "density_pct": 98, "confidence_pct": 95, "agb_mg": 511.43, "carbon_mg": 240.37}}, {"type": "Feature", "geometry": {"type": "Polygon", "coordinates": [[[76.21369616175275, 11.751278671436864], [76.21366536944079, 11.751369972539312], [76.21357406833835, 11.7513838905283], [76.21349353041958, 11.751359209355632], [76.21345966487857, 11.751278671436864], [76.21350014379014, 11.751204746888657], [76.21357406833835, 11.751155442922162], [76.21367377353855, 11.751178966236672], [76.21369616175275, 11.751278671436864]]]}, "properties": {"id": "T-0142", "area_m2": 589.1, "height_m": 18.8, "density_pct": 82, "confidence_pct": 87, "agb_mg": 553.21, "carbon_mg": 260.01}}, {"type": "Feature", "geometry": {"type": "Polygon", "coordinates": [[[76.08624485573877, 11.604059852206632], [76.08618341963899, 11.604162308662621], [76.086080963183, 11.604234172747827], [76.08600341839077, 11.60413739699885], [76.08588819504374, 11.604059852206632], [76.08598454353722, 11.603963432560853], [76.086080963183, 11.603893978313847], [76.0861745458005, 11.603966269589126], [76.08624485573877, 11.604059852206632]]]}, "properties": {"id": "T-0143", "area_m2": 856.3, "height_m": 14.5, "density_pct": 82, "confidence_pct": 98, "agb_mg": 622.98, "carbon_mg": 292.8}}, {"type": "Feature", "geometry": {"type": "Polygon", "coordinates": [[[76.09017302042074, 11.673406144854225], [76.09015310880055, 11.673440013204047], [76.09011924045073, 11.673466981389343], [76.09006779859767, 11.673457586707283], [76.09006872854317, 11.673406144854225], [76.09007044609432, 11.673357350497804], [76.09011924045073, 11.673335582933914], [76.09016557165545, 11.673359813649505], [76.09017302042074, 11.673406144854225]]]}, "properties": {"id": "T-0144", "area_m2": 133.5, "height_m": 21.1, "density_pct": 70, "confidence_pct": 92, "agb_mg": 140.97, "carbon_mg": 66.25}}, {"type": "Feature", "geometry": {"type": "Polygon", "coordinates": [[[76.10459443485497, 11.766299102695037], [76.10457367791902, 11.766360751267142], [76.10451202934692, 11.766389240001034], [76.10442200869804, 11.766389123343913], [76.10442412661979, 11.766299102695037], [76.1044310158421, 11.766218089190204], [76.10451202934692, 11.76622036402013], [76.10460218315787, 11.766208948884099], [76.10459443485497, 11.766299102695037]]]}, "properties": {"id": "T-0145", "area_m2": 380.7, "height_m": 14.7, "density_pct": 74, "confidence_pct": 86, "agb_mg": 279.19, "carbon_mg": 131.22}}, {"type": "Feature", "geometry": {"type": "Polygon", "coordinates": [[[76.09182513026839, 11.76703574025596], [76.09180613081017, 11.767116632599693], [76.09172523846644, 11.7671873690184], [76.09161418171253, 11.76714679700987], [76.09156415872386, 11.76703574025596], [76.0916288207005, 11.766939322490023], [76.09172523846644, 11.76686871086953], [76.0918086694595, 11.766952309262903], [76.09182513026839, 11.76703574025596]]]}, "properties": {"id": "T-0146", "area_m2": 683.4, "height_m": 32.3, "density_pct": 64, "confidence_pct": 79, "agb_mg": 1103.12, "carbon_mg": 518.47}}, {"type": "Feature", "geometry": {"type": "Polygon", "coordinates": [[[76.12516188386307, 11.715637448030572], [76.12514972556183, 11.715681656601717], [76.12510551699069, 11.715709777932737], [76.12505360381815, 11.715689361203113], [76.12504431929355, 11.715637448030572], [76.12505854248097, 11.71559047352085], [76.12510551699069, 11.715586579758808], [76.12514377266454, 11.715599192356711], [76.12516188386307, 11.715637448030572]]]}, "properties": {"id": "T-0147", "area_m2": 158.2, "height_m": 31.1, "density_pct": 68, "confidence_pct": 97, "agb_mg": 245.67, "carbon_mg": 115.47}}, {"type": "Feature", "geometry": {"type": "Polygon", "coordinates": [[[76.0546921395605, 11.65200764724375], [76.0546904877238, 11.652046767629349], [76.05465136733821, 11.65207298978467], [76.05460732178464, 11.65205169279732], [76.05459672664496, 11.65200764724375], [76.05461331977435, 11.65196959967989], [76.05465136733821, 11.651947064715364], [76.05468362034154, 11.651975394240418], [76.0546921395605, 11.65200764724375]]]}, "properties": {"id": "T-0148", "area_m2": 130.0, "height_m": 31.8, "density_pct": 74, "confidence_pct": 93, "agb_mg": 206.66, "carbon_mg": 97.13}}, {"type": "Feature", "geometry": {"type": "Polygon", "coordinates": [[[76.11324430125309, 11.650401995477033], [76.1131899955312, 11.650494406780426], [76.1130975842278, 11.650520885272025], [76.11300740749414, 11.65049217221069], [76.11300120710575, 11.650401995477033], [76.11298387915943, 11.650288290408657], [76.1130975842278, 11.650258420816925], [76.11320168059618, 11.650297899108658], [76.11324430125309, 11.650401995477033]]]}, "properties": {"id": "T-0149", "area_m2": 664.1, "height_m": 30.4, "density_pct": 76, "confidence_pct": 77, "agb_mg": 1010.55, "carbon_mg": 474.96}}, {"type": "Feature", "geometry": {"type": "Polygon", "coordinates": [[[76.19777423599481, 11.617329192096493], [76.19775205583598, 11.617383178409458], [76.19769806952301, 11.617401567557808], [76.19762603233032, 11.617401229289182], [76.19758798478685, 11.617329192096493], [76.1976142469045, 11.617245369477969], [76.19769806952301, 11.617232294716393], [76.1977548484009, 11.617272413218602], [76.19777423599481, 11.617329192096493]]]}, "properties": {"id": "T-0150", "area_m2": 361.6, "height_m": 21.3, "density_pct": 61, "confidence_pct": 79, "agb_mg": 384.98, "carbon_mg": 180.94}}, {"type": "Feature", "geometry": {"type": "Polygon", "coordinates": [[[76.08819634207522, 11.63764681492903], [76.08819338764805, 11.637698685331785], [76.08814151724529, 11.637692460688639], [76.08810143941653, 11.637686892757786], [76.0880645236797, 11.63764681492903], [76.08810620910359, 11.637611506787323], [76.08814151724529, 11.6375870005632], [76.08817985163542, 11.637608480538901], [76.08819634207522, 11.63764681492903]]]}, "properties": {"id": "T-0151", "area_m2": 142.8, "height_m": 15.3, "density_pct": 88, "confidence_pct": 88, "agb_mg": 108.89, "carbon_mg": 51.18}}, {"type": "Feature", "geometry": {"type": "Polygon", "coordinates": [[[76.0909404434482, 11.737666302157685], [76.0909027743939, 11.737761944396503], [76.09080713215508, 11.737825489159336], [76.09067421014507, 11.737799224167698], [76.09062716865652, 11.737666302157685], [76.09069700707336, 11.73755617707596], [76.09080713215508, 11.737551160512428], [76.09091296754275, 11.737560466770018], [76.0909404434482, 11.737666302157685]]]}, "properties": {"id": "T-0152", "area_m2": 829.0, "height_m": 27.6, "density_pct": 83, "confidence_pct": 98, "agb_mg": 1145.76, "carbon_mg": 538.51}}, {"type": "Feature", "geometry": {"type": "Polygon", "coordinates": [[[76.08043191267275, 11.606872402701944], [76.08037344007921, 11.606939490323535], [76.08030635245763, 11.606956719415157], [76.0802346515859, 11.606944103573667], [76.08023104413947, 11.606872402701944], [76.08025507944792, 11.606821129692236], [76.08030635245763, 11.606761333353415], [76.08037382744669, 11.60680492771288], [76.08043191267275, 11.606872402701944]]]}, "properties": {"id": "T-0153", "area_m2": 398.7, "height_m": 32.3, "density_pct": 64, "confidence_pct": 90, "agb_mg": 644.14, "carbon_mg": 302.75}}, {"type": "Feature", "geometry": {"type": "Polygon", "coordinates": [[[76.05208292690095, 11.647322162200629], [76.05206107877447, 11.647349788934376], [76.05203345204072, 11.647373834122014], [76.05199373579609, 11.647361878445261], [76.05197692178162, 11.647322162200629], [76.05199678456816, 11.647285494728068], [76.05203345204072, 11.647268093241362], [76.05207507226022, 11.647280541981118], [76.05208292690095, 11.647322162200629]]]}, "properties": {"id": "T-0154", "area_m2": 114.4, "height_m": 29.4, "density_pct": 95, "confidence_pct": 92, "agb_mg": 168.29, "carbon_mg": 79.1}}, {"type": "Feature", "geometry": {"type": "Polygon", "coordinates": [[[76.13388345794797, 11.638696165327552], [76.13385015810051, 11.638754820619654], [76.1337915028084, 11.638765054678506], [76.13374957672038, 11.63873809141559], [76.133699063341, 11.638696165327552], [76.1337522544996, 11.638656917018748], [76.1337915028084, 11.63860962367906], [76.1338591082264, 11.638628559909552], [76.13388345794797, 11.638696165327552]]]}, "properties": {"id": "T-0155", "area_m2": 229.1, "height_m": 27.2, "density_pct": 90, "confidence_pct": 97, "agb_mg": 311.6, "carbon_mg": 146.45}}, {"type": "Feature", "geometry": {"type": "Polygon", "coordinates": [[[76.17791693298648, 11.709230924811605], [76.17790889626016, 11.709309328521805], [76.17783049254996, 11.709315692214712], [76.17775895558555, 11.70930246177601], [76.17773701554908, 11.709230924811605], [76.17774471606458, 11.709145148326227], [76.17783049254996, 11.709144910193263], [76.17791818427669, 11.709143233084875], [76.17791693298648, 11.709230924811605]]]}, "properties": {"id": "T-0156", "area_m2": 530.0, "height_m": 24.9, "density_pct": 97, "confidence_pct": 87, "agb_mg": 659.97, "carbon_mg": 310.18}}, {"type": "Feature", "geometry": {"type": "Polygon", "coordinates": [[[76.04413697851103, 11.623727144766784], [76.04411429402782, 11.62380947967019], [76.04403195912441, 11.623836513695736], [76.04395964190662, 11.623799461984566], [76.04391280049819, 11.623727144766784], [76.04397526476903, 11.62367045041141], [76.04403195912441, 11.623626980667161], [76.04409723066767, 11.623661873223524], [76.04413697851103, 11.623727144766784]]]}, "properties": {"id": "T-0157", "area_m2": 473.4, "height_m": 26.0, "density_pct": 88, "confidence_pct": 76, "agb_mg": 615.37, "carbon_mg": 289.22}}, {"type": "Feature", "geometry": {"type": "Polygon", "coordinates": [[[76.20000918745568, 11.61324002180036], [76.19996914915485, 11.61331653253627], [76.19989263841894, 11.613389644851738], [76.1998190710288, 11.613313589190504], [76.19977036282432, 11.61324002180036], [76.1997976796861, 11.61314506306752], [76.19989263841894, 11.613115795956407], [76.19996186467728, 11.613170795542024], [76.20000918745568, 11.61324002180036]]]}, "properties": {"id": "T-0158", "area_m2": 652.9, "height_m": 32.0, "density_pct": 99, "confidence_pct": 78, "agb_mg": 1045.31, "carbon_mg": 491.3}}, {"type": "Feature", "geometry": {"type": "Polygon", "coordinates": [[[76.09756141737039, 11.661540316651463], [76.09756382784941, 11.661617035087588], [76.0974871094133, 11.661641641836553], [76.09741457784422, 11.661612848220537], [76.09738647417352, 11.661540316651463], [76.09743102089593, 11.66148422813409], [76.0974871094133, 11.661438319635621], [76.09757190755096, 11.661455518513803], [76.09756141737039, 11.661540316651463]]]}, "properties": {"id": "T-0159", "area_m2": 371.6, "height_m": 31.7, "density_pct": 93, "confidence_pct": 88, "agb_mg": 589.07, "carbon_mg": 276.87}}, {"type": "Feature", "geometry": {"type": "Polygon", "coordinates": [[[76.18880933088354, 11.637334638629174], [76.18878870684951, 11.637412058774554], [76.18871128670413, 11.637420659252546], [76.18865389138627, 11.637392033947036], [76.18863256884578, 11.637334638629174], [76.18865432056442, 11.637277672489466], [76.18871128670413, 11.637266999203137], [76.1887598912332, 11.637286034100105], [76.18880933088354, 11.637334638629174]]]}, "properties": {"id": "T-0160", "area_m2": 290.8, "height_m": 15.9, "density_pct": 91, "confidence_pct": 81, "agb_mg": 230.75, "carbon_mg": 108.45}}, {"type": "Feature", "geometry": {"type": "Polygon", "coordinates": [[[76.08494974937479, 11.638100312663626], [76.0849064349529, 11.638140944321533], [76.08486580329499, 11.638182408004385], [76.0848055721955, 11.638160543763103], [76.08479708058222, 11.638100312663626], [76.08482623037915, 11.638060739747791], [76.08486580329499, 11.638014977697923], [76.08490714897738, 11.638058966981236], [76.08494974937479, 11.638100312663626]]]}, "properties": {"id": "T-0161", "area_m2": 171.8, "height_m": 18.7, "density_pct": 70, "confidence_pct": 94, "agb_mg": 160.41, "carbon_mg": 75.39}}, {"type": "Feature", "geometry": {"type": "Polygon", "coordinates": [[[76.1916260687556, 11.607870397185895], [76.191581251167, 11.607944416502134], [76.19150723185075, 11.60799459195611], [76.19145140949036, 11.607926219546284], [76.19138394802827, 11.607870397185895], [76.19143356210908, 11.607796727444226], [76.19150723185075, 11.607770999693711], [76.19156775478403, 11.607809874252617], [76.1916260687556, 11.607870397185895]]]}, "properties": {"id": "T-0162", "area_m2": 484.7, "height_m": 22.1, "density_pct": 62, "confidence_pct": 87, "agb_mg": 535.16, "carbon_mg": 251.53}}, {"type": "Feature", "geometry": {"type": "Polygon", "coordinates": [[[76.20577062043006, 11.750251145573353], [76.2057537332411, 11.750339463975845], [76.2056654148386, 11.750331874120352], [76.20557720309118, 11.750339357320772], [76.20557826531602, 11.750251145573353], [76.20560865252756, 11.75019438326231], [76.2056654148386, 11.750170355972754], [76.2057431807419, 11.750173379670048], [76.20577062043006, 11.750251145573353]]]}, "properties": {"id": "T-0163", "area_m2": 479.8, "height_m": 32.9, "density_pct": 81, "confidence_pct": 84, "agb_mg": 789.8, "carbon_mg": 371.2}}, {"type": "Feature", "geometry": {"type": "Polygon", "coordinates": [[[76.11984626789645, 11.735034929474887], [76.11981988878345, 11.735128353740377], [76.11972646451797, 11.735193473377553], [76.11961838667774, 11.735143007315111], [76.11959079779196, 11.735034929474887], [76.11960624251721, 11.734914707474124], [76.11972646451797, 11.734880931806071], [76.1198354215208, 11.734925972472048], [76.11984626789645, 11.735034929474887]]]}, "properties": {"id": "T-0164", "area_m2": 718.1, "height_m": 30.2, "density_pct": 62, "confidence_pct": 76, "agb_mg": 1083.77, "carbon_mg": 509.37}}, {"type": "Feature", "geometry": {"type": "Polygon", "coordinates": [[[76.06152201957646, 11.62413448407809], [76.06149903754114, 11.624217433788333], [76.06141608783089, 11.624245614218482], [76.06131413454145, 11.62423643736753], [76.06132236908958, 11.62413448407809], [76.06131604670772, 11.62403444295492], [76.06141608783089, 11.624027918868101], [76.06148426290599, 11.624066309002995], [76.06152201957646, 11.62413448407809]]]}, "properties": {"id": "T-0165", "area_m2": 495.2, "height_m": 30.4, "density_pct": 69, "confidence_pct": 96, "agb_mg": 752.44, "carbon_mg": 353.65}}, {"type": "Feature", "geometry": {"type": "Polygon", "coordinates": [[[76.13983248569306, 11.598041779083587], [76.13981859680074, 11.598149088009677], [76.13971128787465, 11.598147580495421], [76.13961413051186, 11.598138936446377], [76.13956129309615, 11.598041779083587], [76.13962308339896, 11.597953574607892], [76.13971128787465, 11.59790013909283], [76.13980901551025, 11.597944051447987], [76.13983248569306, 11.598041779083587]]]}, "properties": {"id": "T-0166", "area_m2": 753.2, "height_m": 12.8, "density_pct": 71, "confidence_pct": 84, "agb_mg": 480.69, "carbon_mg": 225.93}}, {"type": "Feature", "geometry": {"type": "Polygon", "coordinates": [[[76.10768407951052, 11.732040061780861], [76.10765273179013, 11.732097002333571], [76.10759579123742, 11.732105205729365], [76.10754692123749, 11.732088931780785], [76.10751647800176, 11.732040061780861], [76.10755587503033, 11.73200014557378], [76.10759579123742, 11.731951269821336], [76.10765556605449, 11.731980286963786], [76.10768407951052, 11.732040061780861]]]}, "properties": {"id": "T-0167", "area_m2": 228.1, "height_m": 15.3, "density_pct": 93, "confidence_pct": 95, "agb_mg": 174.93, "carbon_mg": 82.22}}, {"type": "Feature", "geometry": {"type": "Polygon", "coordinates": [[[76.20901525670595, 11.662869387781411], [76.20899661850787, 11.66293413390225], [76.20893187238703, 11.662930171310547], [76.20888668661838, 11.66291457355006], [76.20886479147457, 11.662869387781411], [76.20888046522902, 11.662817980623396], [76.20893187238703, 11.662796554961695], [76.2089746587164, 11.662826601452034], [76.20901525670595, 11.662869387781411]]]}, "properties": {"id": "T-0168", "area_m2": 263.5, "height_m": 31.3, "density_pct": 81, "confidence_pct": 92, "agb_mg": 412.59, "carbon_mg": 193.92}}, {"type": "Feature", "geometry": {"type": "Polygon", "coordinates": [[[76.1950479335333, 11.647278496464837], [76.1949986094908, 11.647316658591773], [76.19496044736385, 11.647341701157012], [76.1949195549339, 11.64731938889479], [76.19487717973415, 11.647278496464837], [76.19490043722485, 11.647218486325826], [76.19496044736385, 11.64720188789733], [76.19501629389285, 11.647222649935847], [76.1950479335333, 11.647278496464837]]]}, "properties": {"id": "T-0169", "area_m2": 185.5, "height_m": 17.6, "density_pct": 80, "confidence_pct": 75, "agb_mg": 163.68, "carbon_mg": 76.93}}, {"type": "Feature", "geometry": {"type": "Polygon", "coordinates": [[[76.18171332781209, 11.729052065044897], [76.18167232508378, 11.729113122760577], [76.1816112673681, 11.729150299727024], [76.18153023331166, 11.729133099101329], [76.18151517101865, 11.729052065044897], [76.18152775363063, 11.728968551307435], [76.1816112673681, 11.728940871208902], [76.18168965717351, 11.728973675239482], [76.18171332781209, 11.729052065044897]]]}, "properties": {"id": "T-0170", "area_m2": 335.8, "height_m": 17.3, "density_pct": 91, "confidence_pct": 98, "agb_mg": 290.61, "carbon_mg": 136.59}}, {"type": "Feature", "geometry": {"type": "Polygon", "coordinates": [[[76.04654976878854, 11.61399355613729], [76.0465216138109, 11.614041184099106], [76.04647398584908, 11.6140619565961], [76.04642852545943, 11.614039016526936], [76.046401298667, 11.61399355613729], [76.0464330181168, 11.613952588405022], [76.04647398584908, 11.61391410936803], [76.04651315088873, 11.61395439109763], [76.04654976878854, 11.61399355613729]]]}, "properties": {"id": "T-0171", "area_m2": 181.8, "height_m": 27.6, "density_pct": 79, "confidence_pct": 86, "agb_mg": 251.11, "carbon_mg": 118.02}}, {"type": "Feature", "geometry": {"type": "Polygon", "coordinates": [[[76.11731542428606, 11.75420565578947], [76.11727982031326, 11.754262698367237], [76.11722277773549, 11.754298083120077], [76.11713433507431, 11.754294098450655], [76.11710486681937, 11.75420565578947], [76.11716678704495, 11.754149665098936], [76.11722277773549, 11.754095881265357], [76.11729507959124, 11.754133353933721], [76.11731542428606, 11.75420565578947]]]}, "properties": {"id": "T-0172", "area_m2": 369.8, "height_m": 31.3, "density_pct": 98, "confidence_pct": 93, "agb_mg": 578.46, "carbon_mg": 271.88}}, {"type": "Feature", "geometry": {"type": "Polygon", "coordinates": [[[76.0855526217691, 11.770466007796028], [76.0855401637836, 11.770512802041202], [76.08549336953843, 11.770537334472888], [76.08546517277921, 11.770494204555249], [76.08543445256645, 11.770466007796028], [76.08544738810703, 11.770420026364631], [76.08549336953843, 11.770406498492374], [76.08554094722732, 11.770418430107144], [76.0855526217691, 11.770466007796028]]]}, "properties": {"id": "T-0173", "area_m2": 120.2, "height_m": 24.8, "density_pct": 74, "confidence_pct": 97, "agb_mg": 148.93, "carbon_mg": 70.0}}, {"type": "Feature", "geometry": {"type": "Polygon", "coordinates": [[[76.07667177207156, 11.770628154739155], [76.07665079219963, 11.77071701416521], [76.07656193277357, 11.770778751587029], [76.0764366829184, 11.77075340459433], [76.07639554017067, 11.770628154739155], [76.07647699640275, 11.77054321836833], [76.07656193277357, 11.770458268763067], [76.07666074953839, 11.77052933797433], [76.07667177207156, 11.770628154739155]]]}, "properties": {"id": "T-0174", "area_m2": 735.5, "height_m": 15.5, "density_pct": 68, "confidence_pct": 91, "agb_mg": 568.88, "carbon_mg": 267.37}}, {"type": "Feature", "geometry": {"type": "Polygon", "coordinates": [[[76.14906386767697, 11.668197439908106], [76.14907201232812, 11.66831117311326], [76.14895827912297, 11.66831335510157], [76.14882814815026, 11.668327570880814], [76.14877528395157, 11.668197439908106], [76.14887656022849, 11.668115721013631], [76.14895827912297, 11.66802882323714], [76.14907012706828, 11.668085591962779], [76.14906386767697, 11.668197439908106]]]}, "properties": {"id": "T-0175", "area_m2": 864.1, "height_m": 16.1, "density_pct": 82, "confidence_pct": 78, "agb_mg": 697.16, "carbon_mg": 327.66}}, {"type": "Feature", "geometry": {"type": "Polygon", "coordinates": [[[76.08981532463672, 11.621988119036248], [76.08974438135023, 11.622068326349332], [76.08966417403714, 11.622118559697231], [76.08954850456348, 11.622103788509909], [76.08953645374126, 11.621988119036248], [76.08955902358146, 11.621882968580561], [76.08966417403714, 11.621878231888621], [76.08975710894514, 11.621895184128245], [76.08981532463672, 11.621988119036248]]]}, "properties": {"id": "T-0176", "area_m2": 722.1, "height_m": 11.4, "density_pct": 92, "confidence_pct": 94, "agb_mg": 411.38, "carbon_mg": 193.35}}, {"type": "Feature", "geometry": {"type": "Polygon", "coordinates": [[[76.06689760118752, 11.621642111797124], [76.06685929972473, 11.621687258769875], [76.06681415275197, 11.621705628298441], [76.06676899859123, 11.621687265957865], [76.06676099973237, 11.621642111797124], [76.06677920609725, 11.621607165142397], [76.06681415275197, 11.6215695022821], [76.06685684145319, 11.621599423095912], [76.06689760118752, 11.621642111797124]]]}, "properties": {"id": "T-0177", "area_m2": 173.6, "height_m": 30.5, "density_pct": 90, "confidence_pct": 83, "agb_mg": 264.6, "carbon_mg": 124.36}}, {"type": "Feature", "geometry": {"type": "Polygon", "coordinates": [[[76.09516262996686, 11.62611869142628], [76.09512015829478, 11.626159289943303], [76.09507955977776, 11.626184113950698], [76.09502720260241, 11.626171048601623], [76.09501939068008, 11.62611869142628], [76.09503699825335, 11.62607612990187], [76.09507955977776, 11.626053463131894], [76.09514908367181, 11.626049167532226], [76.09516262996686, 11.62611869142628]]]}, "properties": {"id": "T-0178", "area_m2": 260.5, "height_m": 17.1, "density_pct": 94, "confidence_pct": 80, "agb_mg": 223.07, "carbon_mg": 104.84}}, {"type": "Feature", "geometry": {"type": "Polygon", "coordinates": [[[76.17586961864231, 11.64138771353651], [76.17582457044409, 11.641438216270036], [76.17577406771056, 11.641501252601568], [76.17572342882062, 11.641438352426455], [76.17568769078098, 11.64138771353651], [76.17569366613633, 11.641307311962269], [76.17577406771056, 11.641305542199593], [76.17583218654943, 11.641329594697648], [76.17586961864231, 11.64138771353651]]]}, "properties": {"id": "T-0179", "area_m2": 298.6, "height_m": 28.6, "density_pct": 89, "confidence_pct": 86, "agb_mg": 426.55, "carbon_mg": 200.48}}, {"type": "Feature", "geometry": {"type": "Polygon", "coordinates": [[[76.16430661231537, 11.634683358003256], [76.16428430914453, 11.634771561149115], [76.16419610599867, 11.634802324509092], [76.16409919156203, 11.6347802724399], [76.16403401710966, 11.634683358003256], [76.16406190980946, 11.634549161814045], [76.16419610599867, 11.634576965948039], [76.16430219135508, 11.634577272646844], [76.16430661231537, 11.634683358003256]]]}, "properties": {"id": "T-0180", "area_m2": 872.8, "height_m": 22.1, "density_pct": 70, "confidence_pct": 98, "agb_mg": 965.76, "carbon_mg": 453.91}}, {"type": "Feature", "geometry": {"type": "Polygon", "coordinates": [[[76.10350270406694, 11.757042631083449], [76.10348216391647, 11.757155930174447], [76.10336886482547, 11.757192126199334], [76.10324986630086, 11.757161629608058], [76.10325339717508, 11.757042631083449], [76.10324780554028, 11.75692157179825], [76.10336886482547, 11.756937179104849], [76.10346937707689, 11.756942118832024], [76.10350270406694, 11.757042631083449]]]}, "properties": {"id": "T-0181", "area_m2": 704.0, "height_m": 31.1, "density_pct": 92, "confidence_pct": 85, "agb_mg": 1096.1, "carbon_mg": 515.17}}, {"type": "Feature", "geometry": {"type": "Polygon", "coordinates": [[[76.08619715351773, 11.606658048914435], [76.08618849977702, 11.606755582688377], [76.08609096600308, 11.606749384857737], [76.08599124735662, 11.606757767560907], [76.08595743514196, 11.606658048914435], [76.08602719454814, 11.606594277459488], [76.08609096600308, 11.606568947092786], [76.08618979388986, 11.606559221027668], [76.08619715351773, 11.606658048914435]]]}, "properties": {"id": "T-0182", "area_m2": 538.9, "height_m": 17.8, "density_pct": 75, "confidence_pct": 77, "agb_mg": 480.59, "carbon_mg": 225.88}}, {"type": "Feature", "geometry": {"type": "Polygon", "coordinates": [[[76.04468541870803, 11.722797680135423], [76.04464591887239, 11.722896785256983], [76.04454681375083, 11.722949242525372], [76.0444365909518, 11.72290790293444], [76.04440828319265, 11.722797680135423], [76.04441983509545, 11.722670701480052], [76.04454681375083, 11.722671763733901], [76.04463261246157, 11.72271188142468], [76.04468541870803, 11.722797680135423]]]}, "properties": {"id": "T-0183", "area_m2": 784.1, "height_m": 30.2, "density_pct": 75, "confidence_pct": 80, "agb_mg": 1183.11, "carbon_mg": 556.06}}, {"type": "Feature", "geometry": {"type": "Polygon", "coordinates": [[[76.1287148851667, 11.70533412619339], [76.12867095716284, 11.705379402143171], [76.12862568121307, 11.70538955441303], [76.12857759327925, 11.705382214127216], [76.12855910013285, 11.70533412619339], [76.12858880171916, 11.705297246699482], [76.12862568121307, 11.705280203034178], [76.12867355311546, 11.705286254291], [76.1287148851667, 11.70533412619339]]]}, "properties": {"id": "T-0184", "area_m2": 213.7, "height_m": 26.1, "density_pct": 80, "confidence_pct": 95, "agb_mg": 279.47, "carbon_mg": 131.35}}, {"type": "Feature", "geometry": {"type": "Polygon", "coordinates": [[[76.20403814203301, 11.615751118047093], [76.20401923687069, 11.615780786990985], [76.2039895679268, 11.615819713710067], [76.20393710171795, 11.61580358425593], [76.20392290292767, 11.615751118047093], [76.20395531918058, 11.615716869300869], [76.2039895679268, 11.615703286964596], [76.20401950200367, 11.61572118397021], [76.20403814203301, 11.615751118047093]]]}, "properties": {"id": "T-0185", "area_m2": 133.4, "height_m": 21.9, "density_pct": 95, "confidence_pct": 95, "agb_mg": 145.81, "carbon_mg": 68.53}}, {"type": "Feature", "geometry": {"type": "Polygon", "coordinates": [[[76.09554607700485, 11.648219412661652], [76.09553112275634, 11.648247938790773], [76.09550259662723, 11.64825795942447], [76.09545812299245, 11.648263886296432], [76.09544140335854, 11.648219412661652], [76.09545363296012, 11.648170448994533], [76.09550259662723, 11.648175284891554], [76.09554144298228, 11.648180566306594], [76.09554607700485, 11.648219412661652]]]}, "properties": {"id": "T-0186", "area_m2": 115.5, "height_m": 28.5, "density_pct": 61, "confidence_pct": 81, "agb_mg": 164.74, "carbon_mg": 77.43}}, {"type": "Feature", "geometry": {"type": "Polygon", "coordinates": [[[76.14508962099538, 11.669049743837025], [76.14503892359751, 11.66913614167718], [76.14495252575736, 11.669185895382272], [76.14487950666833, 11.669122762926062], [76.14482452907848, 11.669049743837025], [76.14486002070065, 11.668957238780315], [76.14495252575736, 11.668948180988163], [76.14501787405797, 11.668984395536416], [76.14508962099538, 11.669049743837025]]]}, "properties": {"id": "T-0187", "area_m2": 627.1, "height_m": 22.0, "density_pct": 99, "confidence_pct": 97, "agb_mg": 690.85, "carbon_mg": 324.7}}, {"type": "Feature", "geometry": {"type": "Polygon", "coordinates": [[[76.05089629666482, 11.693895952825065], [76.05088185209472, 11.69393459567194], [76.05084320924784, 11.693944490114598], [76.0508144999087, 11.69392466216421], [76.05080248143794, 11.693895952825065], [76.05081506855616, 11.693867812133384], [76.05084320924784, 11.693852548499564], [76.05087418953138, 11.693864972541524], [76.05089629666482, 11.693895952825065]]]}, "properties": {"id": "T-0188", "area_m2": 114.7, "height_m": 26.3, "density_pct": 62, "confidence_pct": 93, "agb_mg": 150.78, "carbon_mg": 70.86}}, {"type": "Feature", "geometry": {"type": "Polygon", "coordinates": [[[76.05427951597937, 11.60574234582266], [76.0542527384166, 11.605817073616338], [76.05417801062292, 11.605847510954124], [76.05412914615465, 11.605791210290933], [76.05408236252529, 11.60574234582266], [76.05412242681665, 11.605686762016381], [76.05417801062292, 11.60564225592442], [76.05424391191268, 11.605676444532909], [76.05427951597937, 11.60574234582266]]]}, "properties": {"id": "T-0189", "area_m2": 334.2, "height_m": 14.0, "density_pct": 72, "confidence_pct": 93, "agb_mg": 234.36, "carbon_mg": 110.15}}, {"type": "Feature", "geometry": {"type": "Polygon", "coordinates": [[[76.12457226736335, 11.636966938676991], [76.12450600630761, 11.637050911161797], [76.12442203382281, 11.63705875860799], [76.12434570557669, 11.637043266923113], [76.12427261515725, 11.636966938676991], [76.12434146876797, 11.636886373622149], [76.12442203382281, 11.636870793966692], [76.124494980348, 11.6368939921518], [76.12457226736335, 11.636966938676991]]]}, "properties": {"id": "T-0190", "area_m2": 572.5, "height_m": 19.6, "density_pct": 89, "confidence_pct": 80, "agb_mg": 561.52, "carbon_mg": 263.92}}, {"type": "Feature", "geometry": {"type": "Polygon", "coordinates": [[[76.18872840846043, 11.745330571716964], [76.18871365163275, 11.745450877265178], [76.18859334608455, 11.745492082673707], [76.18849599084638, 11.745427926955138], [76.18843548214073, 11.745330571716964], [76.18850322500836, 11.745240450640773], [76.18859334608455, 11.74516278924058], [76.18868609807318, 11.74523781972834], [76.18872840846043, 11.745330571716964]]]}, "properties": {"id": "T-0191", "area_m2": 708.5, "height_m": 20.3, "density_pct": 72, "confidence_pct": 89, "agb_mg": 718.8, "carbon_mg": 337.83}}, {"type": "Feature", "geometry": {"type": "Polygon", "coordinates": [[[76.08536678360365, 11.708984206686441], [76.08534406790973, 11.709074761642503], [76.08525351295367, 11.709146853034632], [76.0851750743074, 11.709062645332711], [76.08510259376995, 11.708984206686441], [76.08512785347875, 11.70885854721152], [76.08525351295367, 11.708856172518392], [76.08537868175952, 11.708859037880597], [76.08536678360365, 11.708984206686441]]]}, "properties": {"id": "T-0192", "area_m2": 765.7, "height_m": 17.5, "density_pct": 71, "confidence_pct": 77, "agb_mg": 669.53, "carbon_mg": 314.68}}, {"type": "Feature", "geometry": {"type": "Polygon", "coordinates": [[[76.05844425262696, 11.654796403929778], [76.05841061349355, 11.654879801723142], [76.05832721570019, 11.654888163695206], [76.05823851514263, 11.654885104487335], [76.05822012555232, 11.654796403929778], [76.05827455707384, 11.654743745303428], [76.05832721570019, 11.65471332596355], [76.0584186590554, 11.654704960574556], [76.05844425262696, 11.654796403929778]]]}, "properties": {"id": "T-0193", "area_m2": 424.9, "height_m": 31.0, "density_pct": 97, "confidence_pct": 85, "agb_mg": 658.23, "carbon_mg": 309.37}}, {"type": "Feature", "geometry": {"type": "Polygon", "coordinates": [[[76.2186443230173, 11.691944217668006], [76.21861453535166, 11.692059824642772], [76.21849892837689, 11.692073608308185], [76.21840892855123, 11.692034217493662], [76.21835511349119, 11.691944217668006], [76.21842840543687, 11.691873694727981], [76.21849892837689, 11.691818073782017], [76.21861127181542, 11.69183187422948], [76.2186443230173, 11.691944217668006]]]}, "properties": {"id": "T-0194", "area_m2": 617.1, "height_m": 16.9, "density_pct": 72, "confidence_pct": 95, "agb_mg": 520.53, "carbon_mg": 244.65}}, {"type": "Feature", "geometry": {"type": "Polygon", "coordinates": [[[76.10307211550109, 11.76214388738075], [76.10303480354791, 11.762240659087544], [76.10293803184112, 11.76223721271102], [76.10283312601213, 11.76224879320974], [76.1028242272714, 11.76214388738075], [76.10286028655219, 11.762066142091822], [76.10293803184112, 11.762061712819454], [76.1030277731708, 11.762054146051073], [76.10307211550109, 11.76214388738075]]]}, "properties": {"id": "T-0195", "area_m2": 527.3, "height_m": 25.3, "density_pct": 80, "confidence_pct": 90, "agb_mg": 667.51, "carbon_mg": 313.73}}, {"type": "Feature", "geometry": {"type": "Polygon", "coordinates": [[[76.22147871642078, 11.754001326952523], [76.22147689509258, 11.75411161845064], [76.22136660359446, 11.754103044001965], [76.2212835494851, 11.754084381061896], [76.22121953724525, 11.754001326952523], [76.22126730992808, 11.753902033286138], [76.22136660359446, 11.753850380518141], [76.22147893105374, 11.753888999493249], [76.22147871642078, 11.754001326952523]]]}, "properties": {"id": "T-0196", "area_m2": 600.4, "height_m": 29.8, "density_pct": 95, "confidence_pct": 75, "agb_mg": 893.25, "carbon_mg": 419.83}}, {"type": "Feature", "geometry": {"type": "Polygon", "coordinates": [[[76.20557392294265, 11.641561846905514], [76.20550449398289, 11.641639692266484], [76.20542664862191, 11.641659617806763], [76.20535083413873, 11.641637661388696], [76.20530364843817, 11.641561846905514], [76.20533247362049, 11.641467671904094], [76.20542664862191, 11.641420367130282], [76.20552050065695, 11.641467994870473], [76.20557392294265, 11.641561846905514]]]}, "properties": {"id": "T-0197", "area_m2": 755.3, "height_m": 27.5, "density_pct": 62, "confidence_pct": 75, "agb_mg": 1037.97, "carbon_mg": 487.84}}, {"type": "Feature", "geometry": {"type": "Polygon", "coordinates": [[[76.11861611504567, 11.667501333922033], [76.11857614784881, 11.667549808150087], [76.11852767362076, 11.66757424332222], [76.11848516823859, 11.667543839304205], [76.11846049189975, 11.667501333922033], [76.11848693793091, 11.66746059823218], [76.11852767362076, 11.667411797781735], [76.11859196278736, 11.667437044755427], [76.11861611504567, 11.667501333922033]]]}, "properties": {"id": "T-0198", "area_m2": 211.4, "height_m": 33.3, "density_pct": 65, "confidence_pct": 91, "agb_mg": 351.91, "carbon_mg": 165.4}}, {"type": "Feature", "geometry": {"type": "Polygon", "coordinates": [[[76.07603290761207, 11.601418013151616], [76.0759785361619, 11.601494207893632], [76.07590234141988, 11.601540495110367], [76.07581663896269, 11.601503715608802], [76.07578472853479, 11.601418013151616], [76.0757969458161, 11.601312617547832], [76.07590234141988, 11.601260152097746], [76.07597633680287, 11.601344017768625], [76.07603290761207, 11.601418013151616]]]}, "properties": {"id": "T-0199", "area_m2": 653.6, "height_m": 33.6, "density_pct": 66, "confidence_pct": 84, "agb_mg": 1098.0, "carbon_mg": 516.06}}, {"type": "Feature", "geometry": {"type": "Polygon", "coordinates": [[[76.13756720109102, 11.615345896032274], [76.13751753656624, 11.615472575200751], [76.13739085739776, 11.615465629186595], [76.13728291702033, 11.615453836409708], [76.13728672600179, 11.615345896032274], [76.13727120147627, 11.615226240110784], [76.13739085739776, 11.615163255059292], [76.13746190168851, 11.61527485174152], [76.13756720109102, 11.615345896032274]]]}, "properties": {"id": "T-0200", "area_m2": 785.0, "height_m": 34.4, "density_pct": 92, "confidence_pct": 89, "agb_mg": 1348.33, "carbon_mg": 633.72}}, {"type": "Feature", "geometry": {"type": "Polygon", "coordinates": [[[76.04983130035133, 11.772959093984682], [76.04981763564068, 11.772999165883908], [76.04977756374146, 11.773009126391596], [76.04973314734129, 11.773003510384848], [76.04970901149431, 11.772959093984682], [76.04974169212673, 11.772923222369954], [76.04977756374146, 11.772901947764884], [76.0498060831876, 11.77293057453853], [76.04983130035133, 11.772959093984682]]]}, "properties": {"id": "T-0201", "area_m2": 126.9, "height_m": 31.4, "density_pct": 60, "confidence_pct": 76, "agb_mg": 199.07, "carbon_mg": 93.56}}, {"type": "Feature", "geometry": {"type": "Polygon", "coordinates": [[[76.05494207062956, 11.708923565369703], [76.05492539309957, 11.708955131128493], [76.05489382734078, 11.708996970416388], [76.05484264679399, 11.708974745916489], [76.05483924091885, 11.708923565369703], [76.05484993048074, 11.708879668509665], [76.05489382734078, 11.708873163195618], [76.05493178651133, 11.708885606199143], [76.05494207062956, 11.708923565369703]]]}, "properties": {"id": "T-0202", "area_m2": 135.1, "height_m": 21.8, "density_pct": 79, "confidence_pct": 76, "agb_mg": 147.33, "carbon_mg": 69.24}}, {"type": "Feature", "geometry": {"type": "Polygon", "coordinates": [[[76.05882313584007, 11.67319188218134], [76.05881283819014, 11.673277871261005], [76.05872684911047, 11.673332561112684], [76.05862609960685, 11.67329263168496], [76.05862405416434, 11.67319188218134], [76.05866685164966, 11.673131884720537], [76.05872684911047, 11.673104169996208], [76.05881265961497, 11.673106071676841], [76.05882313584007, 11.67319188218134]]]}, "properties": {"id": "T-0203", "area_m2": 515.1, "height_m": 25.9, "density_pct": 86, "confidence_pct": 93, "agb_mg": 667.83, "carbon_mg": 313.88}}, {"type": "Feature", "geometry": {"type": "Polygon", "coordinates": [[[76.18047726984686, 11.697987973873321], [76.18045889406837, 11.698031809585657], [76.18041505835603, 11.698040806478957], [76.18038746480804, 11.698015567421313], [76.18036016432055, 11.697987973873321], [76.18038349485012, 11.69795641036741], [76.18041505835603, 11.697942750181305], [76.180444388475, 11.697958643754363], [76.18047726984686, 11.697987973873321]]]}, "properties": {"id": "T-0204", "area_m2": 104.3, "height_m": 12.4, "density_pct": 86, "confidence_pct": 77, "agb_mg": 64.88, "carbon_mg": 30.49}}, {"type": "Feature", "geometry": {"type": "Polygon", "coordinates": [[[76.21744596933011, 11.761952275357146], [76.21740291892893, 11.76201498720925], [76.21734020707682, 11.762084383737706], [76.21726347686516, 11.762029005568804], [76.21725371347286, 11.761952275357146], [76.21724629256933, 11.761858360849661], [76.21734020707682, 11.761872836062233], [76.21743791512729, 11.76185456730667], [76.21744596933011, 11.761952275357146]]]}, "properties": {"id": "T-0205", "area_m2": 456.5, "height_m": 15.1, "density_pct": 90, "confidence_pct": 83, "agb_mg": 343.87, "carbon_mg": 161.62}}, {"type": "Feature", "geometry": {"type": "Polygon", "coordinates": [[[76.20074485037019, 11.722225281868747], [76.2006956349791, 11.722277501036851], [76.200643415811, 11.72230377101461], [76.20059835708766, 11.72227034059209], [76.20054592571006, 11.722225281868747], [76.2005871055145, 11.722168971572248], [76.200643415811, 11.722123976064582], [76.20069492379179, 11.722173773887958], [76.20074485037019, 11.722225281868747]]]}, "properties": {"id": "T-0206", "area_m2": 313.0, "height_m": 17.4, "density_pct": 70, "confidence_pct": 82, "agb_mg": 272.32, "carbon_mg": 127.99}}, {"type": "Feature", "geometry": {"type": "Polygon", "coordinates": [[[76.0907118525604, 11.772294655039376], [76.09064139828968, 11.772367080611604], [76.09056897271745, 11.77240669755833], [76.09045498619113, 11.772408641565686], [76.0904642216643, 11.772294655039376], [76.09049148467822, 11.772217167000159], [76.09056897271745, 11.772158277615903], [76.09065631246175, 11.772207315295082], [76.0907118525604, 11.772294655039376]]]}, "properties": {"id": "T-0207", "area_m2": 771.8, "height_m": 27.5, "density_pct": 97, "confidence_pct": 90, "agb_mg": 1061.03, "carbon_mg": 498.69}}, {"type": "Feature", "geometry": {"type": "Polygon", "coordinates": [[[76.20013160554902, 11.745666877804766], [76.20009668782272, 11.745726441035842], [76.20003712459165, 11.745728189628977], [76.19998758025922, 11.745716422137193], [76.19997623117443, 11.745666877804766], [76.1999962782867, 11.745626031499821], [76.20003712459165, 11.745611734544488], [76.20007867972615, 11.745625322670268], [76.20013160554902, 11.745666877804766]]]}, "properties": {"id": "T-0208", "area_m2": 208.8, "height_m": 29.5, "density_pct": 91, "confidence_pct": 98, "agb_mg": 308.16, "carbon_mg": 144.84}}, {"type": "Feature", "geometry": {"type": "Polygon", "coordinates": [[[76.12435818169965, 11.73988777384874], [76.12433513078084, 11.73997739619743], [76.12424550843214, 11.739975637027241], [76.12416207822486, 11.739971204056024], [76.12413267445582, 11.73988777384874], [76.1241890027705, 11.739831268187103], [76.12424550843214, 11.73980087551129], [76.1243336518878, 11.739799630393078], [76.12435818169965, 11.73988777384874]]]}, "properties": {"id": "T-0209", "area_m2": 474.2, "height_m": 20.0, "density_pct": 94, "confidence_pct": 85, "agb_mg": 474.09, "carbon_mg": 222.82}}, {"type": "Feature", "geometry": {"type": "Polygon", "coordinates": [[[76.05619612572704, 11.771187394835673], [76.0561910946177, 11.77126988164972], [76.05610860780365, 11.771303727695948], [76.05605719042796, 11.77123881221136], [76.05602761509695, 11.771187394835673], [76.05604281298449, 11.77112160001651], [76.05610860780365, 11.771085061407017], [76.05615486975401, 11.77114113288532], [76.05619612572704, 11.771187394835673]]]}, "properties": {"id": "T-0210", "area_m2": 324.9, "height_m": 16.4, "density_pct": 99, "confidence_pct": 94, "agb_mg": 266.78, "carbon_mg": 125.39}}, {"type": "Feature", "geometry": {"type": "Polygon", "coordinates": [[[76.13441461837019, 11.686641080120014], [76.13441049012054, 11.686710522441278], [76.13434104779928, 11.686713079453414], [76.13428554916865, 11.686696578750649], [76.1342663068037, 11.686641080120014], [76.13429578490079, 11.686595817221523], [76.13434104779928, 11.686555781667805], [76.13440243414922, 11.686579693770076], [76.13441461837019, 11.686641080120014]]]}, "properties": {"id": "T-0211", "area_m2": 323.2, "height_m": 25.8, "density_pct": 93, "confidence_pct": 80, "agb_mg": 417.06, "carbon_mg": 196.02}}, {"type": "Feature", "geometry": {"type": "Polygon", "coordinates": [[[76.11059512662592, 11.59556442620518], [76.11057862874526, 11.59562325864118], [76.11051979630926, 11.595633779387066], [76.11046741822952, 11.595616804284917], [76.11042117770292, 11.59556442620518], [76.11047178516546, 11.59551641506137], [76.11051979630926, 11.59550328932761], [76.11057759983298, 11.595506622681464], [76.11059512662592, 11.59556442620518]]]}, "properties": {"id": "T-0212", "area_m2": 230.7, "height_m": 26.5, "density_pct": 97, "confidence_pct": 76, "agb_mg": 306.17, "carbon_mg": 143.9}}, {"type": "Feature", "geometry": {"type": "Polygon", "coordinates": [[[76.164320357408, 11.775297736701237], [76.16430736058541, 11.775409503552087], [76.16419559373456, 11.775405907104904], [76.16411312209667, 11.775380208339135], [76.16407011877743, 11.775297736701237], [76.164124032531, 11.775226175497677], [76.16419559373456, 11.775188825174109], [76.16430251718756, 11.775190813248237], [76.164320357408, 11.775297736701237]]]}, "properties": {"id": "T-0213", "area_m2": 644.4, "height_m": 32.4, "density_pct": 61, "confidence_pct": 79, "agb_mg": 1044.59, "carbon_mg": 490.96}}, {"type": "Feature", "geometry": {"type": "Polygon", "coordinates": [[[76.09591382846044, 11.618686078906865], [76.09588662671007, 11.618756288340926], [76.09581641727601, 11.61879458484298], [76.09575066182633, 11.618751834356543], [76.0957315564253, 11.618686078906865], [76.09576810423661, 11.61863776586746], [76.09581641727601, 11.618621424709213], [76.0958659804771, 11.618636515705775], [76.09591382846044, 11.618686078906865]]]}, "properties": {"id": "T-0214", "area_m2": 296.7, "height_m": 21.7, "density_pct": 71, "confidence_pct": 87, "agb_mg": 321.81, "carbon_mg": 151.25}}, {"type": "Feature", "geometry": {"type": "Polygon", "coordinates": [[[76.06569349839809, 11.730866760332491], [76.06567194820083, 11.730941912519903], [76.06559679601342, 11.73101935093955], [76.0654914664327, 11.730972089913209], [76.06543834221563, 11.730866760332491], [76.06548473707231, 11.73075470139137], [76.06559679601342, 11.730698215402697], [76.06568317836029, 11.730780377985631], [76.06569349839809, 11.730866760332491]]]}, "properties": {"id": "T-0215", "area_m2": 676.9, "height_m": 31.6, "density_pct": 61, "confidence_pct": 76, "agb_mg": 1069.03, "carbon_mg": 502.45}}, {"type": "Feature", "geometry": {"type": "Polygon", "coordinates": [[[76.12692094898829, 11.619371616372936], [76.12688208411994, 11.619484978983683], [76.1267687215092, 11.61952094516497], [76.12666735272234, 11.619472985159799], [76.12665500674335, 11.619371616372936], [76.12668395181993, 11.619286846683666], [76.1267687215092, 11.619243640778167], [76.1268491213025, 11.619291216579635], [76.12692094898829, 11.619371616372936]]]}, "properties": {"id": "T-0216", "area_m2": 683.8, "height_m": 34.8, "density_pct": 92, "confidence_pct": 91, "agb_mg": 1190.28, "carbon_mg": 559.43}}, {"type": "Feature", "geometry": {"type": "Polygon", "coordinates": [[[76.14810834895697, 11.596797753571858], [76.14811155437653, 11.596867901921042], [76.14804140602735, 11.596894492156464], [76.14797746313134, 11.596861696467863], [76.14797146577646, 11.596797753571858], [76.14799860691127, 11.59675495445579], [76.14804140602735, 11.596723450585943], [76.14809283406963, 11.596746325529573], [76.14810834895697, 11.596797753571858]]]}, "properties": {"id": "T-0217", "area_m2": 243.8, "height_m": 19.5, "density_pct": 70, "confidence_pct": 84, "agb_mg": 238.31, "carbon_mg": 112.0}}, {"type": "Feature", "geometry": {"type": "Polygon", "coordinates": [[[76.06560551554571, 11.699064450335891], [76.06553709226965, 11.699129299448959], [76.06547224315658, 11.69921706616164], [76.06539324406727, 11.699143449425199], [76.06536187342297, 11.699064450335891], [76.06540260933437, 11.69899481651369], [76.06547224315658, 11.698955742146053], [76.06553299302874, 11.699003700463727], [76.06560551554571, 11.699064450335891]]]}, "properties": {"id": "T-0218", "area_m2": 558.9, "height_m": 11.1, "density_pct": 90, "confidence_pct": 88, "agb_mg": 311.34, "carbon_mg": 146.33}}, {"type": "Feature", "geometry": {"type": "Polygon", "coordinates": [[[76.15702599033074, 11.705603381448322], [76.15695776654944, 11.705701130743348], [76.15686001725442, 11.705713059087968], [76.1567387366163, 11.705724662086435], [76.15666801638508, 11.705603381448322], [76.15674706382902, 11.705490428022918], [76.15686001725442, 11.70545159925067], [76.15697214504989, 11.70549125365285], [76.15702599033074, 11.705603381448322]]]}, "properties": {"id": "T-0219", "area_m2": 862.2, "height_m": 18.5, "density_pct": 69, "confidence_pct": 93, "agb_mg": 796.82, "carbon_mg": 374.51}}, {"type": "Feature", "geometry": {"type": "Polygon", "coordinates": [[[76.13743995660754, 11.71475686488639], [76.13739014182316, 11.71481011046298], [76.13733689624657, 11.714844150701023], [76.13727516755513, 11.71481859357782], [76.13724511568466, 11.71475686488639], [76.13727480949748, 11.714694778137313], [76.13733689624657, 11.714652364224168], [76.13739921851145, 11.71469454262151], [76.13743995660754, 11.71475686488639]]]}, "properties": {"id": "T-0220", "area_m2": 332.5, "height_m": 26.5, "density_pct": 62, "confidence_pct": 88, "agb_mg": 440.19, "carbon_mg": 206.89}}, {"type": "Feature", "geometry": {"type": "Polygon", "coordinates": [[[76.10630625755147, 11.662870636296695], [76.10622827660926, 11.662938905409165], [76.10616000749678, 11.662968728083731], [76.10607635833864, 11.662954285454841], [76.10601558053699, 11.662870636296695], [76.10609698041637, 11.662807609216284], [76.10616000749678, 11.662737574405517], [76.10625473448793, 11.66277590930554], [76.10630625755147, 11.662870636296695]]]}, "properties": {"id": "T-0221", "area_m2": 606.0, "height_m": 20.9, "density_pct": 98, "confidence_pct": 87, "agb_mg": 632.14, "carbon_mg": 297.11}}, {"type": "Feature", "geometry": {"type": "Polygon", "coordinates": [[[76.08875377067638, 11.737581608262927], [76.08869462787368, 11.73768992982696], [76.08858630630965, 11.737694477147343], [76.08848531074017, 11.737682603832415], [76.08842899130444, 11.737581608262927], [76.08848568212245, 11.737480984075724], [76.08858630630965, 11.737408002941766], [76.08866252454258, 11.737505390029987], [76.08875377067638, 11.737581608262927]]]}, "properties": {"id": "T-0222", "area_m2": 865.4, "height_m": 15.0, "density_pct": 76, "confidence_pct": 94, "agb_mg": 648.07, "carbon_mg": 304.59}}, {"type": "Feature", "geometry": {"type": "Polygon", "coordinates": [[[76.09890090639585, 11.761013551242177], [76.09888009265052, 11.76106519000655], [76.09882845388614, 11.761107343424504], [76.09875990250212, 11.761082102626194], [76.09873214245454, 11.761013551242177], [76.09874702134243, 11.760932118698474], [76.09882845388614, 11.760922923551815], [76.09887903875256, 11.760962966375757], [76.09890090639585, 11.761013551242177]]]}, "properties": {"id": "T-0223", "area_m2": 338.8, "height_m": 25.9, "density_pct": 97, "confidence_pct": 95, "agb_mg": 438.67, "carbon_mg": 206.18}}, {"type": "Feature", "geometry": {"type": "Polygon", "coordinates": [[[76.15167877801655, 11.654933113046377], [76.15167914440956, 11.654984085151328], [76.1516281723046, 11.65501304875629], [76.15157693172283, 11.654984353628143], [76.15155639212152, 11.654933113046377], [76.1515783218419, 11.654883262583674], [76.1516281723046, 11.654853234585904], [76.15167527354376, 11.654886011807209], [76.15167877801655, 11.654933113046377]]]}, "properties": {"id": "T-0224", "area_m2": 197.3, "height_m": 18.0, "density_pct": 90, "confidence_pct": 77, "agb_mg": 177.8, "carbon_mg": 83.57}}, {"type": "Feature", "geometry": {"type": "Polygon", "coordinates": [[[76.07151413802333, 11.742889337988073], [76.07149395291627, 11.742933822457225], [76.07144946844711, 11.742939339041952], [76.07141132233834, 11.74292748409685], [76.07139007970144, 11.742889337988073], [76.071399260425, 11.742839129965963], [76.07144946844711, 11.742840898310133], [76.07148114298977, 11.742857663445424], [76.07151413802333, 11.742889337988073]]]}, "properties": {"id": "T-0225", "area_m2": 130.4, "height_m": 11.5, "density_pct": 88, "confidence_pct": 81, "agb_mg": 74.86, "carbon_mg": 35.18}}, {"type": "Feature", "geometry": {"type": "Polygon", "coordinates": [[[76.14561994356643, 11.698138528581987], [76.14556898193639, 11.698201155238786], [76.1455063552796, 11.698242226036596], [76.1454344363272, 11.698210447534374], [76.14541352800909, 11.698138528581987], [76.14544660843711, 11.698078781739504], [76.1455063552796, 11.698038577086068], [76.14558971563272, 11.69805516822886], [76.14561994356643, 11.698138528581987]]]}, "properties": {"id": "T-0226", "area_m2": 546.0, "height_m": 17.6, "density_pct": 94, "confidence_pct": 89, "agb_mg": 479.8, "carbon_mg": 225.51}}, {"type": "Feature", "geometry": {"type": "Polygon", "coordinates": [[[76.12947062494734, 11.642224792805623], [76.12944224213027, 11.642291189669523], [76.12937584526637, 11.642297479009763], [76.12932481545423, 11.642275822617762], [76.12927059751937, 11.642224792805623], [76.12933417427713, 11.642183121816387], [76.12937584526637, 11.642139544944586], [76.12942400686194, 11.642176631210043], [76.12947062494734, 11.642224792805623]]]}, "properties": {"id": "T-0227", "area_m2": 262.1, "height_m": 31.4, "density_pct": 95, "confidence_pct": 85, "agb_mg": 411.55, "carbon_mg": 193.43}}, {"type": "Feature", "geometry": {"type": "Polygon", "coordinates": [[[76.08067774684514, 11.670007365092337], [76.08063451480763, 11.670038066751962], [76.080603813148, 11.670085717108222], [76.08055728322145, 11.670053895018881], [76.08053856217492, 11.670007365092337], [76.0805567595992, 11.669960311543536], [76.080603813148, 11.669930481123856], [76.08065439938197, 11.669956778858376], [76.08067774684514, 11.670007365092337]]]}, "properties": {"id": "T-0228", "area_m2": 147.5, "height_m": 20.9, "density_pct": 87, "confidence_pct": 80, "agb_mg": 154.02, "carbon_mg": 72.39}}, {"type": "Feature", "geometry": {"type": "Polygon", "coordinates": [[[76.1901203573986, 11.693865106329673], [76.19011394708028, 11.693959828873613], [76.19001922453634, 11.693989304255092], [76.1899554621609, 11.693928868705125], [76.189920309485, 11.693865106329673], [76.18993760097591, 11.693783482769234], [76.19001922453634, 11.69373879193384], [76.19009005676327, 11.693794274102745], [76.1901203573986, 11.693865106329673]]]}, "properties": {"id": "T-0229", "area_m2": 581.3, "height_m": 24.1, "density_pct": 86, "confidence_pct": 84, "agb_mg": 699.31, "carbon_mg": 328.68}}, {"type": "Feature", "geometry": {"type": "Polygon", "coordinates": [[[76.19482180178147, 11.767041382987708], [76.19479765912025, 11.767139071332677], [76.19469997077529, 11.7671299442955], [76.19463987107224, 11.767101482690755], [76.194586266985, 11.767041382987708], [76.19463202957265, 11.76697344178506], [76.19469997077529, 11.766955497022982], [76.19479911554672, 11.766942238216282], [76.19482180178147, 11.767041382987708]]]}, "properties": {"id": "T-0230", "area_m2": 490.9, "height_m": 21.2, "density_pct": 93, "confidence_pct": 75, "agb_mg": 520.51, "carbon_mg": 244.64}}, {"type": "Feature", "geometry": {"type": "Polygon", "coordinates": [[[76.06287445556406, 11.625821763428801], [76.0628443953736, 11.625867001143186], [76.06279915765921, 11.625920943305353], [76.06274905954253, 11.625871861545487], [76.06268550058802, 11.625821763428801], [76.06272153506784, 11.62574414083742], [76.06279915765921, 11.62573582859589], [76.0628612407263, 11.625759680361714], [76.06287445556406, 11.625821763428801]]]}, "properties": {"id": "T-0231", "area_m2": 311.5, "height_m": 30.5, "density_pct": 84, "confidence_pct": 75, "agb_mg": 475.71, "carbon_mg": 223.58}}, {"type": "Feature", "geometry": {"type": "Polygon", "coordinates": [[[76.08075118366115, 11.700957360813394], [76.08073151984343, 11.701028712009736], [76.08066016864709, 11.701030413091983], [76.08060849808233, 11.701009031378149], [76.0805318876225, 11.700957360813394], [76.08058314762904, 11.700880339795349], [76.08066016864709, 11.70084736185388], [76.08072377356082, 11.700893755899653], [76.08075118366115, 11.700957360813394]]]}, "properties": {"id": "T-0232", "area_m2": 389.4, "height_m": 21.4, "density_pct": 61, "confidence_pct": 75, "agb_mg": 415.97, "carbon_mg": 195.51}}, {"type": "Feature", "geometry": {"type": "Polygon", "coordinates": [[[76.10710758349336, 11.638079477640595], [76.10705707608648, 11.638158098945977], [76.1069784547811, 11.638185768137056], [76.10688523317596, 11.638172699245732], [76.10687359472836, 11.638079477640595], [76.1069238911885, 11.638024914047994], [76.1069784547811, 11.637945245200987], [76.10707020117695, 11.637987731244742], [76.10710758349336, 11.638079477640595]]]}, "properties": {"id": "T-0233", "area_m2": 442.8, "height_m": 31.5, "density_pct": 66, "confidence_pct": 87, "agb_mg": 696.82, "carbon_mg": 327.5}}, {"type": "Feature", "geometry": {"type": "Polygon", "coordinates": [[[76.04534652826153, 11.754453107090134], [76.04533507170277, 11.754507015726489], [76.0452811630664, 11.754503333189694], [76.04522352285514, 11.754510747301403], [76.04521393053064, 11.754453107090134], [76.0452458941956, 11.754417838219336], [76.0452811630664, 11.75437271825483], [76.04531670618199, 11.754417563974554], [76.04534652826153, 11.754453107090134]]]}, "properties": {"id": "T-0234", "area_m2": 177.9, "height_m": 18.0, "density_pct": 98, "confidence_pct": 93, "agb_mg": 159.84, "carbon_mg": 75.12}}, {"type": "Feature", "geometry": {"type": "Polygon", "coordinates": [[[76.07913642036168, 11.636852048060222], [76.07908581699444, 11.63690424298933], [76.07903362206532, 11.63696713059813], [76.07896131962988, 11.63692435049567], [76.07894028278864, 11.636852048060222], [76.0789706850691, 11.636789111063987], [76.07903362206532, 11.63674163295523], [76.07910779372148, 11.636777876404063], [76.07913642036168, 11.636852048060222]]]}, "properties": {"id": "T-0235", "area_m2": 421.0, "height_m": 26.9, "density_pct": 85, "confidence_pct": 94, "agb_mg": 565.51, "carbon_mg": 265.79}}, {"type": "Feature", "geometry": {"type": "Polygon", "coordinates": [[[76.10505263809243, 11.617333861197205], [76.105013503691, 11.617456907513402], [76.1048904573748, 11.617494329516774], [76.10480822369315, 11.61741609487885], [76.1047494238223, 11.617333861197205], [76.10481362443885, 11.617257028261257], [76.1048904573748, 11.617154705378455], [76.10497166326806, 11.617252655303933], [76.10505263809243, 11.617333861197205]]]}, "properties": {"id": "T-0236", "area_m2": 801.5, "height_m": 12.2, "density_pct": 66, "confidence_pct": 96, "agb_mg": 489.13, "carbon_mg": 229.89}}, {"type": "Feature", "geometry": {"type": "Polygon", "coordinates": [[[76.18924527538435, 11.773938516365515], [76.1892037302183, 11.774022102611879], [76.18912014397193, 11.7740344281856], [76.18902961500076, 11.774029045336691], [76.18895183923934, 11.773938516365515], [76.18902129731987, 11.773839669713455], [76.18912014397193, 11.77381175065208], [76.18921483392957, 11.773843826407877], [76.18924527538435, 11.773938516365515]]]}, "properties": {"id": "T-0237", "area_m2": 729.1, "height_m": 27.5, "density_pct": 89, "confidence_pct": 81, "agb_mg": 1003.9, "carbon_mg": 471.83}}, {"type": "Feature", "geometry": {"type": "Polygon", "coordinates": [[[76.13063538440447, 11.768924172337059], [76.13063558899822, 11.768964559354893], [76.13059520198038, 11.768970535032569], [76.13055479489573, 11.76896457942171], [76.13054661358439, 11.768924172337059], [76.13056674092168, 11.768895711278349], [76.13059520198038, 11.76887247188529], [76.13062720317576, 11.768892171141685], [76.13063538440447, 11.768924172337059]]]}, "properties": {"id": "T-0238", "area_m2": 98.7, "height_m": 32.2, "density_pct": 77, "confidence_pct": 76, "agb_mg": 159.04, "carbon_mg": 74.75}}, {"type": "Feature", "geometry": {"type": "Polygon", "coordinates": [[[76.09704313773632, 11.646003169608136], [76.09700454548432, 11.646032070903113], [76.09697564418934, 11.646042302416308], [76.09693245684528, 11.646046356952201], [76.09691153790591, 11.646003169608136], [76.09692673940151, 11.645954264820297], [76.09697564418934, 11.645957262678131], [76.09701163558786, 11.645967178209617], [76.09704313773632, 11.646003169608136]]]}, "properties": {"id": "T-0239", "area_m2": 119.6, "height_m": 22.5, "density_pct": 73, "confidence_pct": 98, "agb_mg": 134.56, "carbon_mg": 63.24}}, {"type": "Feature", "geometry": {"type": "Polygon", "coordinates": [[[76.06269523641525, 11.648374929786383], [76.06268018735209, 11.648433438241643], [76.06262167889683, 11.648461815751551], [76.06256571971312, 11.648430888970093], [76.06252520632339, 11.648374929786383], [76.06256074935541, 11.648314000244971], [76.06262167889683, 11.64827695442288], [76.06268019154417, 11.648316417139036], [76.06269523641525, 11.648374929786383]]]}, "properties": {"id": "T-0240", "area_m2": 261.7, "height_m": 18.2, "density_pct": 89, "confidence_pct": 95, "agb_mg": 237.56, "carbon_mg": 111.65}}, {"type": "Feature", "geometry": {"type": "Polygon", "coordinates": [[[76.11987341382618, 11.752493071279314], [76.11983335568456, 11.752569012850616], [76.11975741411327, 11.752631785151687], [76.11965025077659, 11.752600234615999], [76.11961476371243, 11.752493071279314], [76.11969571314525, 11.75243137031129], [76.11975741411327, 11.75236076510053], [76.11984315096376, 11.752407334428824], [76.11987341382618, 11.752493071279314]]]}, "properties": {"id": "T-0241", "area_m2": 553.4, "height_m": 19.7, "density_pct": 76, "confidence_pct": 86, "agb_mg": 544.37, "carbon_mg": 255.85}}, {"type": "Feature", "geometry": {"type": "Polygon", "coordinates": [[[76.20291467753866, 11.627517137201009], [76.20292034831928, 11.627582261162168], [76.20285522435812, 11.627588697335913], [76.20277923385991, 11.627593127699216], [76.2027752750103, 11.627517137201009], [76.20280522031011, 11.627467133153004], [76.20285522435812, 11.627449998142398], [76.20291323560943, 11.627459125949693], [76.20291467753866, 11.627517137201009]]]}, "properties": {"id": "T-0242", "area_m2": 266.9, "height_m": 19.7, "density_pct": 73, "confidence_pct": 92, "agb_mg": 262.34, "carbon_mg": 123.3}}, {"type": "Feature", "geometry": {"type": "Polygon", "coordinates": [[[76.12944103648714, 11.72521492899565], [76.12941927334067, 11.72532122316215], [76.12931297917417, 11.725371230847006], [76.12923968338046, 11.725288224789361], [76.12918671979149, 11.72521492899565], [76.1292143911012, 11.725116340922673], [76.12931297917417, 11.725114221799622], [76.12938083791616, 11.72514707025366], [76.12944103648714, 11.72521492899565]]]}, "properties": {"id": "T-0243", "area_m2": 567.1, "height_m": 11.5, "density_pct": 71, "confidence_pct": 89, "agb_mg": 327.04, "carbon_mg": 153.71}}, {"type": "Feature", "geometry": {"type": "Polygon", "coordinates": [[[76.13999778317667, 11.702963477556636], [76.13994298193644, 11.70300763311651], [76.13989882637657, 11.70303742725432], [76.1398363035483, 11.70302600038491], [76.13983057617206, 11.702963477556636], [76.13984813336468, 11.702912784544747], [76.13989882637657, 11.702881204351492], [76.13994014484496, 11.702922159088244], [76.13999778317667, 11.702963477556636]]]}, "properties": {"id": "T-0244", "area_m2": 238.1, "height_m": 13.9, "density_pct": 76, "confidence_pct": 91, "agb_mg": 165.72, "carbon_mg": 77.89}}, {"type": "Feature", "geometry": {"type": "Polygon", "coordinates": [[[76.115540437807, 11.76166389637097], [76.11549192184766, 11.761718270101262], [76.11543754811737, 11.761775775062084], [76.11535692944248, 11.761744515045862], [76.11531916112487, 11.76166389637097], [76.11534580773743, 11.761572155991027], [76.11543754811737, 11.76156603314171], [76.11549524176766, 11.761606202720673], [76.115540437807, 11.76166389637097]]]}, "properties": {"id": "T-0245", "area_m2": 397.0, "height_m": 12.0, "density_pct": 87, "confidence_pct": 97, "agb_mg": 237.72, "carbon_mg": 111.73}}, {"type": "Feature", "geometry": {"type": "Polygon", "coordinates": [[[76.10416680044561, 11.600140773437165], [76.10419135355075, 11.600275385328539], [76.10405674165938, 11.600292073357862], [76.10396594769266, 11.600231567403888], [76.10388197058604, 11.600140773437165], [76.10392203062861, 11.60000606240639], [76.10405674165938, 11.599977811690414], [76.10413726439532, 11.600060250701226], [76.10416680044561, 11.600140773437165]]]}, "properties": {"id": "T-0246", "area_m2": 854.4, "height_m": 21.8, "density_pct": 80, "confidence_pct": 93, "agb_mg": 930.63, "carbon_mg": 437.39}}, {"type": "Feature", "geometry": {"type": "Polygon", "coordinates": [[[76.14116737409057, 11.750399378855043], [76.14115181683479, 11.750448610682668], [76.14110258500718, 11.750478461239956], [76.14105590361059, 11.750446060251619], [76.14102116785426, 11.750399378855043], [76.14106943873783, 11.750366232585701], [76.14110258500718, 11.750336410598178], [76.14116037279551, 11.75034159106671], [76.14116737409057, 11.750399378855043]]]}, "properties": {"id": "T-0247", "area_m2": 163.4, "height_m": 15.0, "density_pct": 92, "confidence_pct": 92, "agb_mg": 122.26, "carbon_mg": 57.46}}, {"type": "Feature", "geometry": {"type": "Polygon", "coordinates": [[[76.0608698941098, 11.608608996221825], [76.0608610722378, 11.608701263567399], [76.06076880489222, 11.608684441308737], [76.0606765921891, 11.608701208924954], [76.06064260635408, 11.608608996221825], [76.06070123962562, 11.608541430955224], [76.06076880489222, 11.608501028774416], [76.06085676523465, 11.6085210358794], [76.0608698941098, 11.608608996221825]]]}, "properties": {"id": "T-0248", "area_m2": 414.5, "height_m": 10.1, "density_pct": 74, "confidence_pct": 85, "agb_mg": 209.33, "carbon_mg": 98.39}}, {"type": "Feature", "geometry": {"type": "Polygon", "coordinates": [[[76.15326303576373, 11.64682093104884], [76.15326119825814, 11.64687558642413], [76.15320654288284, 11.646908235043275], [76.15316007696177, 11.646867396969919], [76.15310481785623, 11.64682093104884], [76.15313912291235, 11.646753511078346], [76.15320654288284, 11.646748716908021], [76.1532463077388, 11.64678116619289], [76.15326303576373, 11.64682093104884]]]}, "properties": {"id": "T-0249", "area_m2": 238.7, "height_m": 10.7, "density_pct": 77, "confidence_pct": 88, "agb_mg": 128.19, "carbon_mg": 60.25}}, {"type": "Feature", "geometry": {"type": "Polygon", "coordinates": [[[76.05317498055963, 11.657477515497968], [76.053159228578, 11.657552667680156], [76.0530840763958, 11.657593701935605], [76.05302923625833, 11.657532355635448], [76.05299855387244, 11.657477515497968], [76.05302761129708, 11.65742105039924], [76.0530840763958, 11.657410635523942], [76.0531364451939, 11.657425146699877], [76.05317498055963, 11.657477515497968]]]}, "properties": {"id": "T-0250", "area_m2": 321.1, "height_m": 16.4, "density_pct": 88, "confidence_pct": 89, "agb_mg": 263.05, "carbon_mg": 123.63}}]}